Private Rank,TeamId,TeamName,LastSubmissionDate,Private Score,SubmissionCount,TeamMemberUserNames,Public Score,Public Rank,
1,10820725,Tom Wright-Anderson,05-09-2023 09:02,1.00294,51,thomaswrightanderson,1.39531,496,
2,10891496,rdebona,10-09-2023 21:40,1.00964,2,rdebona,1.41269,779,
3,10884347,Sando Breezez,10-09-2023 19:34,1.01086,1,sandobreezez,1.40443,546,
4,10883372,Maxime Perez,11-09-2023 09:42,1.01111,5,maximeperez,1.40479,552,
5,10819987,Faysal Miah,31-08-2023 16:41,1.01132,1,faysalmiah1721758,1.38375,453,
6,10827383,Mayuri,08-09-2023 14:19,1.01245,6,mayuri19,1.411,775,
7,10819626,Justin DeLarm,25-08-2023 06:13,1.01252,15,justindelarm,1.36225,332,
8,10821186,Prasanth naidu Karaka,31-08-2023 15:30,1.01326,17,prasanthnaidukaraka,1.37851,416,
9,10863407,RLakshminarayanan,06-09-2023 16:46,1.01409,9,rlakshminarayanan,1.41298,782,
10,10822118,tluna,10-09-2023 14:12,1.0148,19,tomasluna,1.35607,320,
11,10839336,Barbagrande007,27-08-2023 21:55,1.01492,4,barbagrande007,1.42765,809,
12,10823072,Hıdır BozkurtT,11-09-2023 19:28,1.01552,54,hdrbozkurtt,1.35305,315,
13,10825627,Ganesh Talwar,30-08-2023 05:44,1.01566,18,ganeshtalwar,1.40776,714,
14,10893818,Yongqing Miao,11-09-2023 13:04,1.01576,5,yongqingmiao,1.38237,449,
15,10871835,Muhammad Reza Fatehi Nia,05-09-2023 19:08,1.01616,5,mfatehi,1.40776,659,
16,10826589,Levon Ar,05-09-2023 18:58,1.01616,5,levonar,1.40841,761,
17,10834997,xdarkWRLD,27-08-2023 22:23,1.01619,4,xdarkwrld,1.44028,823,
18,10819606,timo,24-08-2023 03:30,1.01637,9,user96519,1.39615,500,
19,10819628,yuji,05-09-2023 12:57,1.01646,15,loki4514,1.38233,446,
20,10839308,ISLAH Hamza,11-09-2023 21:07,1.01678,8,"hamzaiislah,lamiaaloukhmiri",1.40268,538,
21,10871993,Siddharth Bhaskaran,08-09-2023 23:57,1.01681,5,siddharthbhaskaran,1.40639,563,
22,10831299,YM,01-09-2023 01:17,1.01681,21,miyawakiyoshifumi,1.32253,217,
23,10819197,stpete_ishii,25-08-2023 00:50,1.01699,13,stpeteishii,1.39264,483,
24,10842757,Karolina,11-09-2023 12:33,1.01725,16,karolina637,1.39876,514,
25,10835733,Abish Pius,04-09-2023 00:22,1.01733,24,abishpius,1.38533,460,
26,10833902,Yurii,10-09-2023 22:29,1.0174,8,druggist,1.40776,608,
27,10837115,Ashish Agarwal,30-08-2023 02:11,1.01768,11,singhalashish,1.43133,813,
28,10840381,Nikolai78,11-09-2023 14:57,1.0179,30,nikolai78,1.39165,479,
29,10873177,kkuri00,07-09-2023 13:08,1.01843,7,kkuri00,1.32252,216,
30,10848527,nap_timer,30-08-2023 17:02,1.01884,3,naptimer,1.33524,252,
31,10823152,Wolf,27-08-2023 14:43,1.01885,6,alonewolf,1.39777,507,
32,10819189,Samvel Kocharyan,11-09-2023 04:44,1.01919,64,samvelkoch,1.35435,316,
33,10821060,Demko1,06-09-2023 15:35,1.01929,20,demko1,1.39806,509,
34,10864569,BJBA99,11-09-2023 19:22,1.0193,10,bjba99,1.40004,520,
35,10829192,kailai,25-08-2023 09:18,1.01954,3,kailai,1.40776,698,
36,10841199,Devel,08-09-2023 06:36,1.01957,17,klenovic,1.40051,521,
37,10887225,sejal2906,11-09-2023 13:06,1.01972,2,sejal2906,1.42208,802,
38,10830300,Grigory Kovtun,24-08-2023 18:46,1.01979,4,mrgrigorii,1.40776,603,
39,10825696,hubba,23-08-2023 11:32,1.02013,1,michaelsemenoff,1.36119,327,
40,10838234,ccjulia,27-08-2023 16:28,1.02046,5,ccjulia,1.40189,530,
41,10861935,Pablo Miralles,07-09-2023 06:54,1.02056,16,pablomiralles,1.41163,778,
42,10830219,Ry Cutter,26-08-2023 09:30,1.02066,7,astromeerkat,1.42989,812,
43,10872992,Kawaii Coder UwU,07-09-2023 01:21,1.02075,5,kawaiicoderuwu,1.37664,401,
44,10849785,Md. Golam Mostofa,03-09-2023 08:09,1.02093,17,golammostofas,1.41963,796,
45,10833353,[Deleted] 7eca78cd-b848-487d-bd45-b1f1294e2791,25-08-2023 18:45,1.02128,1,del=441f34f621d887dd,1.43533,818,
46,10823841,Sovina Sahni,01-09-2023 16:00,1.02171,12,sovinasahni,1.40413,545,
47,10888435,Douglas Marques,10-09-2023 19:58,1.02179,5,tatudoug,1.40776,749,
48,10850909,Sviatoslav Bidzilia,31-08-2023 15:25,1.02179,7,sviatoslavbidzilia,1.40776,632,
49,10825611,Miyuki Suzuki,10-09-2023 03:04,1.02185,31,m1y7k8,1.3951,493,
50,10846094,AI@Work,31-08-2023 05:42,1.02198,5,aiinaction2020,1.40931,767,
51,10823256,wenjanm,25-08-2023 19:45,1.02201,7,wenjanm,1.40458,550,
52,10823322,Brent Bradford,05-09-2023 21:23,1.02204,7,brentbradford,1.4079,759,
53,10819080,Tony Hollaar,11-09-2023 17:17,1.02204,10,tonyhollaar,1.40776,576,
54,10859390,Vyascheslav Roshin,03-09-2023 11:05,1.02206,11,vyascheslavroshin,1.40629,561,
55,10831811,nomeanings,26-08-2023 18:52,1.02225,10,nomeanings,1.36376,348,
56,10846915,Aaron Alvarado Kristanto Julistiono,04-09-2023 01:54,1.0223,6,aaronakj12,1.40776,724,
57,10823844,Kevin Arvai,06-09-2023 23:36,1.02251,13,kevinarvai,1.38116,440,
58,10833612,ChrisK321,03-09-2023 14:02,1.02257,15,chrisk321,1.35877,322,
59,10867080,Matthias Green,04-09-2023 14:25,1.02278,2,matthiasgreen,1.43538,819,
60,10855509,Chris Sobczak,31-08-2023 21:08,1.02294,5,csobczak,1.40862,763,
61,10837134,bashendixie5,27-08-2023 06:38,1.02321,5,zhangyanhui1981,1.40506,553,
62,10895804,abhi33303,11-09-2023 08:08,1.02336,5,abhinavatall,1.40776,753,
63,10822791,Carlosbogo,22-08-2023 22:41,1.02347,2,carlosborrajo,1.41017,772,
64,10820661,Jano123,26-08-2023 07:20,1.02361,20,jano123,1.40268,537,
65,10859176,Sekken,09-09-2023 09:01,1.02363,3,fujiwaraterumi,1.26694,46,
66,10819312,Nick Potter,31-08-2023 02:58,1.02371,15,nnjjpp,1.40776,588,
67,10846509,domborys,07-09-2023 16:46,1.02373,15,domborys,1.3953,495,
68,10819010,ShreyasiPal,29-08-2023 02:26,1.0238,1,phoenixsp,1.4022,534,
69,10831724,Mike,11-09-2023 23:03,1.0239,16,mziele1,1.42155,800,
70,10836976,SharvanCN,28-08-2023 13:29,1.02391,4,sharvancn,1.40776,617,
71,10822122,haruakif,22-08-2023 16:04,1.02393,3,haruakif,1.40402,542,
72,10852084,cw x12138,11-09-2023 03:34,1.02393,10,cwx12138,1.40402,543,
73,10823675,Andrés Leonardo Becerra López,11-09-2023 23:51,1.02417,9,leonob2014,1.40473,551,
74,10820002,Cookyeee,25-08-2023 08:23,1.02419,13,maxsee,1.36243,338,
75,10835877,Vijay,04-09-2023 12:38,1.02424,5,vijaykris,1.40451,549,
76,10823783,Gregory Klevans,27-08-2023 00:13,1.02431,17,gregoryklevans,1.40762,574,
77,10829508,Clemente De Rosa,31-08-2023 21:10,1.02431,21,etnemelc,1.40762,575,
78,10858498,Marya15,11-09-2023 20:51,1.02436,21,marya15,1.39949,516,
79,10827454,OmarVivas,10-09-2023 12:53,1.02448,20,omarvivas,1.40776,748,
80,10824698,Alexander Kozachuk,10-09-2023 18:41,1.02448,13,alexanderkozachuk,1.44877,826,
81,10863417,USYD!!! Go Go Go!!!,04-09-2023 08:22,1.02451,5,"bestjenniferzheng,creazyeeeeli",1.39382,490,
82,10821927,JMVJ,01-09-2023 07:18,1.02453,12,jmviji,1.34815,298,
83,10890612,MityaKaggle,10-09-2023 15:02,1.02465,4,mityakaggle,1.40776,671,
84,10830815,pratul goyal,07-09-2023 17:42,1.02475,8,pratul007,1.40647,564,
85,10819180, Arindam Das 07,02-09-2023 05:38,1.02481,31,arindamdas07,1.40776,691,
86,10835260,Alili Aymen Abd Erraouf,28-08-2023 15:53,1.02481,1,aliliaymenabderraouf,1.4079,758,
87,10851100,Vaishnavi Adapa,30-08-2023 22:29,1.02481,4,vaishnavidapa,1.40776,633,
88,10845062,"Low Zhi Hao, Eugene",02-09-2023 08:46,1.02481,8,lowzhao,1.40776,621,
89,10868750,Bryan Darquea,09-09-2023 19:18,1.02481,10,bryandarquea,1.36985,370,
90,10819001,Oscar Aguilar,11-09-2023 10:43,1.02482,31,oscarm524,1.33987,257,
91,10848567,OnerOOmapART,11-09-2023 23:48,1.02501,39,oneroomapart,1.30114,147,
92,10821425,Lucas Morin,30-08-2023 11:44,1.02509,30,lucasmorin,1.38142,441,
93,10875853,Yosuke Watanabe,06-09-2023 14:27,1.02519,1,yw1308,1.39648,503,
94,10838220,Jose Pimentel,04-09-2023 10:35,1.02525,8,josepimentel,1.39996,519,
95,10820478,shoab ahamed,11-09-2023 22:39,1.02527,27,shoabahamed,1.37966,428,
96,10819165,Marília Prata,22-08-2023 14:26,1.02528,1,mpwolke,1.46085,833,
97,10823907,Toriuqqe,25-08-2023 10:27,1.02528,1,toriuqqe,1.46085,834,
98,10864413,Elena Petrakova,11-09-2023 15:59,1.0253,2,elenapetrakova,1.40923,766,
99,10822779,David Branson,23-08-2023 19:03,1.02534,10,davidbranson,1.40883,765,
100,10825842,Tom8710,09-09-2023 20:37,1.02534,26,tomactlog,1.39975,517,
101,10857763,Chandan Sitlani,01-09-2023 12:24,1.02553,3,chandansitlani07,1.40776,721,
102,10859221,Bahaa Eldin0,01-09-2023 20:53,1.02553,2,bahaaeldin0,1.40776,648,
103,10842367,Mikhail Shuter,02-09-2023 06:41,1.02576,4,metrolog,1.40776,640,
104,10872516,Anwar Hermuche,05-09-2023 21:51,1.02577,4,anwarhermuche,1.40609,560,
105,10822151,Luong Vu307,06-09-2023 11:54,1.02578,29,luongvu307,1.40741,568,
106,10836929,Shen Hsun Liao,27-08-2023 08:19,1.02583,3,shenhsunliao,1.40694,566,
107,10863783,Russell Se,11-09-2023 20:51,1.02613,4,russellse,1.40776,664,
108,10824826,Athar Sayed,06-09-2023 11:22,1.02624,9,sayedathar11,1.30973,172,
109,10848958,Edgar Nyandoro,06-09-2023 21:24,1.02625,9,edgarnyandoro,1.40753,571,
110,10855483,Karim M. Nyumba,07-09-2023 19:55,1.02625,1,karimmnyumba,1.40753,572,
111,10819818,Arin,29-08-2023 09:47,1.0263,2,arindamdws,1.41279,780,
112,10820077,M Yama,11-09-2023 13:36,1.02631,20,masahikoyamanaka,1.40701,567,
113,10819004,Ulises M.,28-08-2023 06:11,1.02632,9,ulisesmontoyacanales,1.4066,565,
114,10834728,Ja-Jet Loh,29-08-2023 14:53,1.02634,15,jajetloh,1.40331,540,
115,10821553,Mărtinică Andrei-Marian,24-08-2023 18:29,1.02637,12,mrtinicandreimarian,1.40374,541,
116,10830888,Md Boktiar Mahbub Murad,04-09-2023 21:08,1.02638,9,mbmmurad,1.31404,184,
117,10858539,Andrey Dolgovyazov,10-09-2023 09:44,1.02639,4,andreydolgovyazov,1.40198,531,
118,10824949,Priyanshu Agarwal,08-09-2023 09:41,1.02639,5,priyanshuagwl,1.4075,570,
119,10828887,Clean it up!,07-09-2023 13:25,1.02641,10,bcscuwe1,1.40759,573,
120,10823169,Eitan Selter,07-09-2023 21:26,1.02642,8,eitanselter,1.40955,768,
121,10819490,Nikel_Chieh,22-08-2023 03:44,1.02648,1,nikelchieh,1.40776,578,
122,10820297,Yash Aggarwal,30-08-2023 12:22,1.02648,9,ashx010,1.40776,585,
123,10822088,George,22-08-2023 15:14,1.02648,1,scarfsman,1.40776,683,
124,10822115,Anubhav Tyagi1212,23-08-2023 15:12,1.02648,9,anubhavtyagi1212,1.40776,586,
125,10821796,sloessoe,22-08-2023 16:03,1.02648,2,sloessoe,1.40776,687,
126,10827636,kmarkey,07-09-2023 19:41,1.02648,12,kmarkey,1.40776,597,
127,10827824,yunsuxiaozi,24-08-2023 01:18,1.02648,1,yunsuxiaozi,1.40776,598,
128,10824441,Rajumamatha,24-08-2023 04:42,1.02648,4,rajumamatha,1.40776,599,
129,10825236,Jocelyn Dumlao,24-08-2023 08:52,1.02648,2,jocelyndumlao,1.40776,600,
130,10821566,Dishaa Singhi,24-08-2023 14:36,1.02648,4,dishaasinghi,1.40776,694,
131,10819680,sahilsg,27-08-2023 08:29,1.02648,3,sahilsg,1.40776,699,
132,10831977,Gainss,26-08-2023 13:57,1.02648,7,gainss,1.40776,604,
133,10835684,Joel,31-08-2023 12:17,1.02648,7,joelekstr,1.38237,447,
134,10838386,Oey Joshua Jodrian,27-08-2023 15:58,1.02648,2,metry63,1.40776,709,
135,10838760,Eduardo Monteiro,01-09-2023 02:04,1.02648,5,edrmonteiro,1.40776,615,
136,10839504,dumbishothy,27-08-2023 23:42,1.02648,1,dumbishothy,1.40776,710,
137,10839634,Baek nam jin,28-08-2023 06:18,1.02648,2,scubethoven,1.40776,711,
138,10841004,GBL123,29-08-2023 07:33,1.02648,5,gbl123,1.40776,620,
139,10846659,Guillermo Gonzalez,29-08-2023 21:47,1.02648,5,mlearnist,1.40776,624,
140,10819411,Van C,30-08-2023 03:21,1.02648,1,vaaanc,1.40776,626,
141,10825080,soychick,31-08-2023 04:44,1.02648,1,hongseoi,1.40776,635,
142,10855515,Ausaf Haqqani,31-08-2023 19:41,1.02648,1,ausafhaqqani,1.40776,643,
143,10857835,OBAME ASSOUMOU Luc Blanchard,01-09-2023 14:54,1.02648,4,lucblanchard,1.39367,489,
144,10855011,OSMAN TEKDAMAR,02-09-2023 10:15,1.02648,8,osmantekdamar,1.40776,646,
145,10822094,Khasha Pavan Kalyan Raju,02-09-2023 03:27,1.02648,3,panjaa222,1.40776,722,
146,10859612,Gabriel Ong,02-09-2023 11:11,1.02648,3,gabriong,1.40776,725,
147,10855192,Philipp Sodmann,04-09-2023 17:20,1.02648,13,theudas,1.40776,650,
148,10863077,Mike #2,03-09-2023 09:20,1.02648,1,mike0121,1.40776,730,
149,10863332,unmol03,03-09-2023 11:13,1.02648,1,unmol03,1.40776,732,
150,10851570,Ahmed Ali Ali,04-09-2023 13:23,1.02648,10,ahmedali74,1.40776,651,
151,10862795,Luis Alvarez,05-09-2023 02:24,1.02648,7,luispl40,1.40776,656,
152,10858977,Aruã Sousa,06-09-2023 01:29,1.02648,8,aruams,1.40776,736,
153,10819537,Noname,06-09-2023 08:27,1.02648,6,sogamja,1.40776,741,
154,10891092,John Pospisil,10-09-2023 02:45,1.02648,8,audiofreak7,1.40776,669,
155,10858875,Blazing Nishant,10-09-2023 14:17,1.02648,1,blazingnishant,1.40776,751,
156,10886676,Prachi Vakshi,11-09-2023 14:35,1.02648,10,prachivakshi,1.40776,672,
157,10819256,Liang401,25-08-2023 01:00,1.02648,2,liang401,1.34248,269,
158,10819218,Maize Dough,23-08-2023 14:02,1.02648,6,maizedough,1.40776,676,
159,10819254,AbishekPuri,22-08-2023 02:53,1.02648,3,abishekpuri,1.40776,577,
160,10819853,Gaurav Pandey,22-08-2023 09:03,1.02648,4,pandeyg0811,1.40776,579,
161,10820527,Ahmed Mostafa,22-08-2023 08:39,1.02648,1,republic966,1.40776,580,
162,10819212,Gaurav Dutta,25-08-2023 19:09,1.02648,8,gauravduttakiit,1.40776,678,
163,10820742,PRATAP KUMAR,22-08-2023 09:30,1.02648,1,pratapkr,1.40776,679,
164,10820822,He Xuan,22-08-2023 10:22,1.02648,2,chord233,1.40776,680,
165,10821031,Ngo Quoc Binh,22-08-2023 10:43,1.02648,1,danielquocbinhngo,1.40776,581,
166,10820726,nishiguchinozomu,22-08-2023 10:49,1.02648,4,nishiguchinozomu,1.40776,582,
167,10821157,SHRISH SHRINATH VAIDYA,25-08-2023 19:40,1.02648,2,shrishshrinathvaidya,1.40776,681,
168,10821320,zhxiang,22-08-2023 12:44,1.02648,3,zhxiang,1.40776,584,
169,10820660,Hoang Pham,22-08-2023 13:17,1.02648,1,hoangpham51,1.40776,682,
170,10821431,Johnycooly,26-08-2023 14:42,1.02648,5,johnycooly,1.36633,359,
171,10821494,Lucas Bruzzone,11-09-2023 11:55,1.02648,6,lucasbruzzone,1.27696,96,
172,10821842,Yassine Nefzi,22-08-2023 15:17,1.02648,1,yassine7,1.40776,685,
173,10822356,K R Bharat,06-09-2023 17:07,1.02648,7,krbharat,1.40776,595,
174,10822920,Jason Nguyen,26-08-2023 01:10,1.02648,5,scripterksg,1.40776,587,
175,10824187,NoooB1999,06-09-2023 08:38,1.02648,3,nooob1999,1.40776,590,
176,10820296,Hiro-ggle,23-08-2023 04:26,1.02648,1,hirohiro2501,1.40776,688,
177,10824116,NyzsKaggle,23-08-2023 05:12,1.02648,1,nyzskaggle,1.40776,591,
178,10824786,Victor O,23-08-2023 08:31,1.02648,5,victoro123,1.40776,689,
179,10824908,SaurabhKushwah,23-08-2023 07:56,1.02648,2,gwlsaurabh,1.40776,592,
180,10819101,Chinmaya,23-08-2023 09:01,1.02648,4,chinmayadatt,1.40776,690,
181,10820390,Duong Vo Tran,26-08-2023 13:43,1.02648,4,davidvotran22,1.40776,593,
182,10826044,Vishesh Tripathi,23-08-2023 13:43,1.02648,1,visheshtripathi,1.40776,594,
183,10819441,Benny Fung,03-09-2023 14:49,1.02648,9,bennyfung,1.31681,190,
184,10827408,Hamed Abedi,23-08-2023 21:11,1.02648,2,hamedabedi,1.40776,596,
185,10820453,Tensor Boy,24-08-2023 05:23,1.02648,1,manavgupta92,1.40776,692,
186,10828264,Mahule Roy,30-08-2023 19:42,1.02648,7,dreamboat26,1.32613,232,
187,10828628,Sahand Pourjavad,24-08-2023 08:27,1.02648,1,sp2012,1.40776,693,
188,10820610,Umetaro,24-08-2023 08:58,1.02648,1,mamoruumemoto,1.40776,601,
189,10826427,Dmitri Trubca,24-08-2023 11:41,1.02648,2,dimatrubca,1.38557,462,
190,10829702,Alexander Goryachev,24-08-2023 13:52,1.02648,1,alexandergoryachev,1.40776,602,
191,10829993,madarshbb,24-08-2023 16:28,1.02648,1,madarshbb,1.40776,695,
192,10830522,Sudharsan M,24-08-2023 18:02,1.02648,1,sudharsan1000m,1.40776,696,
193,10832224,wheelant,25-08-2023 09:48,1.02648,2,zhangjinyang,1.34582,280,
194,10833989,Salem S.,25-08-2023 20:28,1.02648,1,slmsshk,1.40776,700,
195,10830971,Ahmed El-Taher,29-08-2023 17:54,1.02648,10,ahmedelkelany,1.40776,605,
196,10833209,AYAHM BARISH,26-08-2023 09:02,1.02648,5,ayhampar,1.40776,702,
197,10835180,Jay262422,26-08-2023 11:42,1.02648,4,jay262422,1.40776,703,
198,10829867,Sagar Rathore,26-08-2023 10:17,1.02648,1,sagarrathore,1.40776,606,
199,10835726,vlk0,26-08-2023 22:12,1.02648,2,kirill0212,1.40776,704,
200,10835067,Moiz Bohra,26-08-2023 15:02,1.02648,1,moizbohra,1.40776,607,
201,10836267,Mohan Aravind,26-08-2023 17:17,1.02648,3,mhnrvnd,1.40776,609,
202,10819399,Adam Griffith,26-08-2023 16:53,1.02648,1,adamgriffith,1.40776,610,
203,10836348,Shubhi Kant,26-08-2023 17:17,1.02648,1,shubhikant,1.40776,611,
204,10836345,memenomen,26-08-2023 17:49,1.02648,2,memenomen,1.40776,612,
205,10830679,ermekaitygulov,10-09-2023 18:14,1.02648,5,ermekaitygulov,1.36582,358,
206,10820225,Dmitry Vitkovskiy,26-08-2023 20:47,1.02648,1,dmitriyvitkovskiy,1.40776,705,
207,10820920,Pratyush Karode,26-08-2023 23:19,1.02648,1,pratyushkarode,1.40776,613,
208,10819326,Prakash,27-08-2023 00:20,1.02648,2,krulll,1.40776,706,
209,10836638,Mohammad Essam,27-08-2023 09:16,1.02648,1,mohammedessam97,1.40776,707,
210,10835753,Wei Wang,02-09-2023 16:12,1.02648,6,weiwangpolytechnique,1.40776,708,
211,10838596,I Kenichi,10-09-2023 16:09,1.02648,4,ikenichi,1.40776,614,
212,10840393,benjamin choi,28-08-2023 07:46,1.02648,1,bongseok9999,1.40776,616,
213,10841239,Miguel Trasobares Baselga,28-08-2023 12:14,1.02648,1,mtrasobaresb,1.40776,618,
214,10840244,Joe Ng,28-08-2023 23:12,1.02648,4,ngjoehoong88,1.40776,619,
215,10842714,utkarsh_diwak,02-09-2023 21:26,1.02648,10,"ra3han,ryuukumar,utkarshdiwak",1.40632,562,
216,10842727,IldefonsoMauriaca,28-08-2023 20:08,1.02648,4,varekaicl,1.37966,430,
217,10843553,Saquib Ahmad,10-09-2023 18:27,1.02648,8,saquibahmad,1.31733,193,
218,10842759,KCT,29-08-2023 10:22,1.02648,1,kctkct,1.40776,712,
219,10845359,guanw,10-09-2023 12:18,1.02648,6,guanweihu2022,1.40776,622,
220,10819775,Shubham Gupta,29-08-2023 17:35,1.02648,4,dgdhruvs,1.40776,623,
221,10843274,Abhishek Janapareddi,29-08-2023 22:25,1.02648,3,abhishekjanapareddi,1.40776,713,
222,10835622,Matthew Stevens,03-09-2023 21:43,1.02648,7,m24gstevens,1.40776,625,
223,10844298,tueda,01-09-2023 23:53,1.02648,9,tueda80,1.40776,627,
224,10849698,Richard_V,30-08-2023 14:17,1.02648,5,richv0,1.40776,715,
225,10849337,Gunti Sudha Rani,30-08-2023 16:05,1.02648,4,guntisudharani,1.40776,628,
226,10841389,Xuan PENG,30-08-2023 15:54,1.02648,1,chloe912,1.40776,716,
227,10850341,TheAmbassador,02-09-2023 21:32,1.02648,5,nighomnipotent,1.40776,629,
228,10850896,Adarsh MM,30-08-2023 17:24,1.02648,2,adarshmm,1.40776,630,
229,10851027,Brooklyn Mills,30-08-2023 17:30,1.02648,1,brooklynmills,1.40776,631,
230,10823575,AndNov,30-08-2023 18:39,1.02648,1,andnov,1.40776,717,
231,10851420,yash shah,30-08-2023 20:40,1.02648,1,dager234,1.40776,634,
232,10852865,Sajan Ravindran,01-09-2023 08:50,1.02648,8,sajan53671,1.40776,637,
233,10850553,vdwow,31-08-2023 08:43,1.02648,1,valentindefour,1.40776,638,
234,10852651,Gabriel Minzemalulu,01-09-2023 16:42,1.02648,3,gabrielminzemalulu,1.40776,639,
235,10831051,Georgiy Anori,09-09-2023 17:01,1.02648,3,georgiyanori,1.39975,518,
236,10832869,Sourav Bhattacharjee,31-08-2023 11:24,1.02648,3,surovthememelord,1.40776,718,
237,10820351,duke29,31-08-2023 14:51,1.02648,1,duke29,1.40776,641,
238,10855008,Josh Wlks,31-08-2023 16:33,1.02648,1,joshwlks,1.40776,719,
239,10819252,Mohamed Elsayed,02-09-2023 23:09,1.02648,4,moohamedelsayed,1.40776,720,
240,10829855,Çağrı Kurt,05-09-2023 13:56,1.02648,15,arkurt,1.40776,644,
241,10857334,luguoshan,01-09-2023 17:32,1.02648,4,luguoshan,1.40776,645,
242,10854922,SHRIKANT DANDGE,05-09-2023 16:31,1.02648,4,shrikantdandge,1.40776,723,
243,10819532,RomirDesai,01-09-2023 17:56,1.02648,1,romird,1.40776,647,
244,10848809,Gopalakrishnan Kumar,02-09-2023 00:45,1.02648,5,gopalakrishnankumar,1.40776,649,
245,10860093,S.Inamura,08-09-2023 06:34,1.02648,7,sinamura,1.40776,726,
246,10822287,Mohamed Samir,02-09-2023 21:05,1.02648,5,mohamedsamir789,1.40776,727,
247,10839227,Lenticular Labs,02-09-2023 19:34,1.02648,1,"jacksongodbersen,jennifergodbersen",1.40776,728,
248,10860615,hclimente,05-09-2023 06:12,1.02648,4,hclimente,1.40776,729,
249,10849329,Anatolii Kashchuk,03-09-2023 10:59,1.02648,2,anatoliikashchuk,1.40776,731,
250,10863254,Aditya Sharan,03-09-2023 10:36,1.02648,2,adityasharan2122,1.40776,653,
251,10864488,DoLIF,10-09-2023 20:58,1.02648,6,medolif,1.40776,654,
252,10864633,Chih-Kang Huang,03-09-2023 19:01,1.02648,1,cheesypicodon,1.40776,733,
253,10851888,mmojz642,04-09-2023 23:23,1.02648,6,mmojz642,1.40776,735,
254,10868738,Nicholas Chua,05-09-2023 00:13,1.02648,2,nicholaschua22,1.40776,655,
255,10826596,Pratham Jindal01,05-09-2023 05:01,1.02648,1,prathamjindal01,1.40776,737,
256,10869602,Hee Seong Yang,08-09-2023 15:11,1.02648,9,heeseongyang,1.40776,738,
257,10871440,Kazi Khalid Hasan Tamim,05-09-2023 14:09,1.02648,1,kazikhalid757,1.40776,657,
258,10862799,DSMeena,11-09-2023 17:40,1.02648,6,"agrawalsourabh,dsmeena",1.40776,658,
259,10871390,DuongHM,06-09-2023 13:15,1.02648,8,hoangminhduong,1.36693,360,
260,10851953,n3n7i,06-09-2023 00:35,1.02648,12,n3n77i,1.40776,739,
261,10869336,Bing Dai,08-09-2023 04:36,1.02648,8,bingdaidata,1.40776,740,
262,10873895,Amihua,06-09-2023 06:31,1.02648,5,amihua,1.40776,660,
263,10853991,Nishtha Rathore,06-09-2023 13:37,1.02648,2,nishtharathore,1.40776,742,
264,10832265,Rlxxnnn,08-09-2023 09:22,1.02648,2,rlxxnnn,1.352,312,
265,10878925,Vivek Kumar,07-09-2023 07:03,1.02648,2,vivekkumar072002,1.40776,661,
266,10861951,tiny-babies,07-09-2023 04:39,1.02648,2,tinybabies,1.40776,662,
267,10852755,Anand Kumar Sahu,07-09-2023 05:15,1.02648,1,anandkumarsahu09,1.40776,743,
268,10878003,AdamCage,07-09-2023 21:52,1.02648,10,bogdankishchak,1.40776,745,
269,10854555,Angie Goodwin,07-09-2023 18:14,1.02648,5,angiegoodwin,1.40776,663,
270,10883440,H.Le,07-09-2023 20:56,1.02648,1,huyenle,1.40776,746,
271,10833502,Filip,08-09-2023 04:04,1.02648,2,filiprei,1.40776,665,
272,10888456,EduardoNap,09-09-2023 02:49,1.02648,1,eduardonap,1.40776,668,
273,10891135,Sameer Panat,09-09-2023 17:30,1.02648,2,sameer99,1.40776,747,
274,10887333,Prithvi Seran0,11-09-2023 23:10,1.02648,8,prithviseran0,1.36207,331,
275,10843790,HARSHA VARDHAN V,10-09-2023 06:25,1.02648,3,thunder7,1.40776,670,
276,10893275,Krystian_Lata,10-09-2023 10:29,1.02648,4,krystianlata,1.40776,750,
277,10885931,Bahoz M,10-09-2023 16:09,1.02648,1,bahozm,1.40776,752,
278,10894674,Saparbai Kaznabekov,10-09-2023 21:12,1.02648,1,saparbaikaznabekov,1.40776,673,
279,10886085,JiHoon Kim,11-09-2023 11:27,1.02648,7,jihoonkim2100,1.40172,527,
280,10862352,TianbaiYu-Toby,11-09-2023 07:15,1.02648,3,tianbaiyutoby,1.40776,674,
281,10819131,Pattptr,11-09-2023 22:21,1.02648,2,pattptr,1.40776,675,
282,10898106,CasperTimmermans,11-09-2023 14:06,1.02648,1,ziancara,1.40776,754,
283,10897555,Tetiana Kushniruk,11-09-2023 14:15,1.02648,3,tatianakushniruk,1.40776,755,
284,10849399,Amir dkb,11-09-2023 18:59,1.02648,5,amirdkb,1.40776,756,
285,10894591,Ahmed_Yasser_911,11-09-2023 22:28,1.02648,5,ahmedyasser911,1.40776,757,
286,10836435,Pdubbs,31-08-2023 02:55,1.02655,4,pdubbs,1.37966,432,
287,10860203,lifeiXiao,02-09-2023 07:55,1.02656,3,lifeixiao,1.32416,222,
288,10840562,NOT IMPOSTER,28-08-2023 09:44,1.02656,3,piu000,1.37722,403,
289,10823008,Atharva Divekar,01-09-2023 14:37,1.02669,3,wittyicon,1.39337,486,
290,10837413,Hariprasath,28-08-2023 07:37,1.02671,7,hariprasathgt,1.40163,523,
291,10821420,FergusM,26-08-2023 22:50,1.02672,11,fergusm,1.40776,583,
292,10835878,Tsung-Che Chiang,27-08-2023 22:25,1.02675,8,tsungchechiang,1.41598,787,
293,10820011,Centric de Jesús,22-08-2023 09:32,1.02687,1,jbm1966,1.40268,536,
294,10849845,shuhetakahashi,10-09-2023 12:07,1.02694,6,shuhetakahashi,1.32129,207,
295,10820082,Viji,11-09-2023 17:40,1.02734,42,viji1609,1.40567,557,
296,10862356,Krishnamurthy Viswanathan,09-09-2023 14:38,1.02738,16,krviswanathan,1.40977,769,
297,10820541,Pavel Koloyan,11-09-2023 23:19,1.02768,12,pavelkoloyan,1.36435,352,
298,10829243,Hrushikesh  Kale CFA,11-09-2023 11:20,1.0277,18,hrushikeshkale,1.4186,794,
299,10819268,Eryawan Presma Yulianrifat,23-08-2023 16:58,1.0277,2,eryaww,1.41299,783,
300,10819127,pzx,22-08-2023 07:47,1.02784,2,pohzixiang,1.36328,343,
301,10842964,Aditya Gupta,29-08-2023 19:48,1.02794,1,gupadi,1.44873,825,
302,10820123,Zikarakus,11-09-2023 07:36,1.02813,2,zikarakus,1.41117,776,
303,10881022,Stanislav Baratov,11-09-2023 18:31,1.02816,15,stanislavbaratov,1.43152,814,
304,10833375,Hasancan Çakıcıoğlu,08-09-2023 19:57,1.02831,15,hasancanakcolu,1.39268,484,
305,10822095,Mansoor Basha Syed,11-09-2023 11:58,1.02837,17,mansoorbasha,1.41649,789,
306,10872195,dee dee,11-09-2023 05:59,1.02851,10,ddosad,1.41446,784,
307,10851042,Dinesh Kumar Verma,11-09-2023 20:15,1.02864,4,dineshkumarverma,1.40446,548,
308,10880224,Prathamesh Waghmare,11-09-2023 08:12,1.02865,6,prathamesh95,1.40857,762,
309,10819817,Luck Processing Unit (TPU),07-09-2023 06:50,1.02912,65,faisalalsrheed,1.29887,138,
310,10819576,Chirag Choudhary,23-08-2023 02:16,1.02937,10,ch124uec,1.40776,677,
311,10830279,subramanya shenoy,30-08-2023 18:46,1.02937,14,subramanyashenoy,1.3282,239,
312,10821274,stepan kutkin,25-08-2023 12:34,1.02939,6,stepankutkin,1.36155,329,
313,10853955,Saurabh Tiwade,01-09-2023 06:17,1.02943,1,saurabhtiwade,1.4189,795,
314,10852559,SuryanshSingh1411,10-09-2023 19:50,1.02961,14,suryanshsingh1411,1.40776,636,
315,10823617,Jim Gruman,10-09-2023 20:33,1.02978,57,jimgruman,1.41693,790,
316,10868562,Tyler B,09-09-2023 00:57,1.02995,4,bluewizard,1.40776,667,
317,10864955,Liliia Iulmetova,05-09-2023 21:44,1.02996,4,liliiaiulmetova,1.40561,556,
318,10819099,gabriel buchhorn,24-08-2023 01:00,1.03005,5,gabrielbuchhorn,1.41633,788,
319,10823055,LWOLWO,28-08-2023 18:44,1.03008,16,lwolwo,1.36484,356,
320,10819336,Fadhil Muhammad,23-08-2023 09:11,1.03011,4,fadhilmuh,1.4332,815,
321,10828831,Lucas Boesen,24-08-2023 22:30,1.03016,3,lucasboesen,1.41151,777,
322,10858426,Yaroslav53,09-09-2023 10:43,1.03017,18,yaroslav53,1.38443,458,
323,10843846,MohitGuptaAsu,11-09-2023 23:30,1.03017,30,mohitguptaasu,1.39621,502,
324,10827081,pavel_abr,26-08-2023 11:02,1.03021,9,pavelabr,1.35573,319,
325,10834227,Mary_data,06-09-2023 11:46,1.0304,5,marydata,1.39813,510,
326,10852495,Lord Patil,02-09-2023 05:49,1.03042,4,lordpatil,1.3728,380,
327,10841932,arungoyal,11-09-2023 15:03,1.03058,23,indiamitured,1.39427,491,
328,10824515,Sivasankar M,24-08-2023 10:36,1.03059,1,sivasankarm,1.39707,504,
329,10838883,Jamael Codaye,31-08-2023 10:42,1.03063,4,jamaelcodaye,1.42062,798,
330,10819130,Rupak Bhattacharya,10-09-2023 22:48,1.03073,5,rupakbhattacharya,1.38577,463,
331,10852087,Jh.Wang,06-09-2023 05:44,1.03108,12,wangjinghui,1.40179,528,
332,10820582,Pim van Berlo,26-08-2023 07:39,1.03125,5,pimvberlo,1.40212,533,
333,10819642,Levent Serinol,09-09-2023 16:36,1.03138,18,landfallmotto,1.34628,283,
334,10832668,AlexHawkins,11-09-2023 13:24,1.0314,21,alexhawkins,1.38813,467,
335,10867365,Abdullah Al Asif,11-09-2023 03:27,1.03181,5,asif00,1.39442,492,
336,10831690,ZOZ,25-08-2023 07:00,1.03183,5,moazeldsoky,1.34248,264,
337,10859286,euler90h,10-09-2023 04:46,1.03183,9,euler90h,1.37757,407,
338,10819839,ricopue,11-09-2023 11:24,1.03224,17,ricopue,1.34656,285,
339,10820612,shucray6,11-09-2023 05:14,1.03234,29,shunsuketakahashi,1.32478,226,
340,10823007,Muthu Meenakshi,04-09-2023 09:08,1.03285,2,muthumeenakshi11,1.392,481,
341,10839386,Alejandbel,27-08-2023 21:27,1.03336,2,alejandbel,1.32606,230,
342,10828086,KennethM.,30-08-2023 06:45,1.03342,11,blinkman14,1.3673,362,
343,10832381,Abhay Lejith,10-09-2023 10:20,1.03343,14,abhaylejith,1.35572,318,
344,10819487,FK09,10-09-2023 06:21,1.03353,41,kimijima,1.31703,191,
345,10821511,musclemaru,23-08-2023 05:23,1.03364,2,musclemaru,1.36243,334,
346,10819610,InFamous Cat,25-08-2023 10:03,1.03364,1,khlee0416,1.39559,498,
347,10834750,yc_yan,26-08-2023 08:31,1.03364,1,aaachen,1.39559,499,
348,10884141,WeiChaoChang,08-09-2023 07:16,1.03382,5,weichaochang,1.37966,436,
349,10837612,Eric Vos,27-08-2023 10:03,1.034,3,a45632,1.37538,393,
350,10833109,A.Hira,25-08-2023 14:41,1.03408,1,ahirao,1.40539,554,
351,10818996,Aniel Villegas,11-09-2023 03:28,1.03411,12,anielvillegas,1.38224,445,
352,10854777,ilyazhh,03-09-2023 09:29,1.03415,5,ilyazhh,1.40776,642,
353,10835535,Yamamoto Keita,26-08-2023 12:06,1.0346,2,yamak1906,1.32057,201,
354,10890505,Ivan Guschin,10-09-2023 08:45,1.03476,5,ivanguschin,1.39714,505,
355,10836467,Jon Blanchard,11-09-2023 21:04,1.03486,40,jonblanchard,1.37859,419,
356,10823089,Ashish,23-08-2023 04:13,1.03491,3,averma111,1.42336,804,
357,10829879,Simon Wu1137,11-09-2023 11:12,1.03542,39,simonwu1137,1.41744,791,
358,10845536,IvanVaccari,31-08-2023 07:50,1.03564,3,ivanvaccari,1.39094,474,
359,10827850,Damoon Shahhosseini,04-09-2023 00:39,1.03574,19,damoonshahhosseini,1.37966,431,
360,10825536,Suraj,09-09-2023 15:14,1.03615,11,suraj520,1.39337,485,
361,10820391,Amalia,24-08-2023 15:36,1.03618,12,amaliavr,1.37966,425,
362,10835002,PSHustle,26-08-2023 08:24,1.03628,1,pshustle,1.4244,805,
363,10819260,Sumanta Basak,01-09-2023 13:27,1.03633,8,drsb24,1.31467,187,
364,10820096,Oppenheimer,11-09-2023 06:25,1.03644,70,achusanjeev,1.27506,90,
365,10821318,Random Draw,04-09-2023 00:53,1.03646,12,danbraswell,1.29507,124,
366,10819015,horohoro,26-08-2023 04:41,1.03674,12,horohoro,1.35904,323,
367,10843387,Julien Héritier,30-08-2023 01:00,1.03688,9,julienhritier,1.38162,442,
368,10852537,Takatoshi Yonekura,05-09-2023 03:04,1.03692,6,takatoshiyonekura,1.38496,459,
369,10824151,Nazim Cherpanov,31-08-2023 05:03,1.03745,35,nazimcherpanov,1.33439,249,
370,10819425,Debamrita Paul,26-08-2023 05:59,1.03783,19,debamritapaul,1.37203,378,
371,10824193,ZYu,30-08-2023 04:58,1.03794,5,yuzhao99,1.38382,454,
372,10824474,chen,11-09-2023 15:08,1.03804,21,russolechen,1.27288,81,
373,10825776,Sang-Hyeok Yang,07-09-2023 13:46,1.03816,24,yyangsshh,1.42007,797,
374,10819137,Lafoi,11-09-2023 04:23,1.03823,60,wentinglu,1.23336,1,
375,10828921,DTsC,26-08-2023 10:15,1.03859,8,denistsenev,1.38973,470,
376,10822803,Pasquale,07-09-2023 05:40,1.0387,14,pasqualemar,1.39004,472,
377,10826758,Stanislaw Kalinowski,31-08-2023 01:48,1.03873,1,skalinow,1.42196,801,
378,10827274,mattduerr,11-09-2023 22:18,1.03889,23,mattduerr,1.35019,309,
379,10820638,DobbyTheElf,09-09-2023 09:04,1.03939,7,dobbytheelf,1.40809,760,
380,10851324,Deep Kumar Prasad,08-09-2023 20:01,1.03947,1,deepkumarprasad,1.35014,308,
381,10825916,Heeler-Deer,24-08-2023 12:41,1.03965,10,heelerdeer,1.34772,297,
382,10834700,Xu,26-08-2023 07:11,1.03965,1,x19103077,1.38973,471,
383,10849076,Dinesh,09-09-2023 12:57,1.03965,6,dineshydv,1.32231,215,
384,10823751,Stuart MacGowan,27-08-2023 22:42,1.03968,12,stuartmacgowan,1.34587,282,
385,10848193,tyamujin,06-09-2023 12:36,1.0397,20,tyamujin,1.34295,271,
386,10820305,Saji,30-08-2023 10:28,1.04009,7,ashishjagdishsharma,1.42547,806,
387,10829067,yassine zarwal,11-09-2023 22:00,1.04021,33,yassinezarwal,1.37346,384,
388,10821168,Dmitri K.,09-09-2023 22:42,1.0404,64,radbear,1.2706,71,
389,10823536,Pedro Couto,05-09-2023 20:56,1.04084,37,pedrocouto39,1.33666,253,
390,10819225,Fadhl Akmal,30-08-2023 08:49,1.04088,5,fadhlakmal,1.38004,438,
391,10828976,RomainBdt,08-09-2023 14:24,1.04102,10,romainbdt,1.39881,515,
392,10822536,hahoochen,02-09-2023 19:02,1.04119,37,hahoochen,1.30818,168,
393,10819495,tetsu2131,24-08-2023 11:40,1.04158,6,tetsutani,1.36962,369,
394,10842503,Omkar Khade,28-08-2023 17:48,1.0416,1,omkarkhade7,1.40409,544,
395,10836679,Azrulle,08-09-2023 10:25,1.04163,52,azrulle,1.34946,304,
396,10861087,Bruce Tilton,11-09-2023 13:25,1.04175,5,notsorandomforest,1.30875,170,
397,10829118,Angelo Capasso,07-09-2023 11:23,1.0419,4,angelocapasso,1.38746,465,
398,10820728,maxsarmento,22-08-2023 09:27,1.04194,1,maxsarmento,1.35968,326,
399,10820005,KLYUSHNIK-Alexsandr,11-09-2023 11:51,1.04198,74,klyushnik,1.34304,272,
400,10840645,JRPC,06-09-2023 01:08,1.04202,8,juanricardop,1.29718,133,
401,10825601,Manav Jain,09-09-2023 14:06,1.04209,31,manavjain2005,1.37966,435,
402,10819923,Sourabh Singh,22-08-2023 07:44,1.04216,1,sourabhsingh03993493,1.40873,764,
403,10851803,Hayri Latif,01-09-2023 13:32,1.04216,9,hayrilatif,1.4098,770,
404,10848369,zaragiraffe,04-09-2023 07:20,1.0425,11,zaragiraffe,1.37893,421,
405,10893304,to_sat,11-09-2023 10:29,1.04265,9,satoshitomizawa,1.37345,383,
406,10874419,Emiel Steegh,11-09-2023 23:01,1.0429,5,"emielsteegh,nontasalevizos",1.5124,862,
407,10819037,Iqbal Syah Akbar,30-08-2023 12:31,1.04323,20,iqbalsyahakbar,1.36243,333,
408,10824025,kojimar,04-09-2023 16:04,1.04323,4,kojimar,1.29994,144,
409,10821397,intheflesh,23-08-2023 13:08,1.04323,10,intheflesh,1.36243,335,
410,10819110,Dino Wun,23-08-2023 12:49,1.04323,1,dinowun,1.36243,336,
411,10826234,HereticInquisitor,23-08-2023 13:40,1.04323,1,hereticinquisitor,1.36243,337,
412,10834223,cccache,26-08-2023 15:00,1.04323,1,xiu0714,1.36243,339,
413,10845870,manhack,07-09-2023 10:08,1.04323,2,manhack,1.29113,118,
414,10823074,RustemX,31-08-2023 08:19,1.04323,4,rustemx,1.3179,195,
415,10847011,KKOBA619,06-09-2023 23:50,1.04323,1,kkoba619,1.36243,340,
416,10819573,Arpit P. Patel,08-09-2023 11:20,1.04323,1,arpitppatel,1.36243,341,
417,10844862,rmatsu654,11-09-2023 11:24,1.04323,1,rmatsu654,1.36243,342,
418,10821089,Jayesh sonawane,25-08-2023 08:08,1.04326,7,jayeshsonawane,1.37859,418,
419,10831415,Kethupio,25-08-2023 04:30,1.04326,5,aniarya,1.3911,475,
420,10829930,Wiktor Flis,26-08-2023 14:31,1.04326,14,westedcrean,1.3911,476,
421,10818997,Ravi Ramakrishnan,11-09-2023 15:52,1.04332,31,ravi20076,1.25641,12,
422,10823953,Chee Wei Soh,03-09-2023 14:25,1.04348,9,cheeweisoh,1.40776,701,
423,10827425,Anatoliy_2000,04-09-2023 18:47,1.04349,26,anatoliy2000,1.29438,121,
424,10823191,Rama,27-08-2023 23:41,1.04349,8,ramaxp,1.31318,180,
425,10823746,samu2505,10-09-2023 08:41,1.04351,23,samu2505,1.47117,840,
426,10823187,Sukesh Perla,09-09-2023 13:27,1.04355,6,sukeshtech17,1.36693,361,
427,10821730,Matías Ferrín,10-09-2023 18:31,1.04369,2,matasferrn,1.27979,102,
428,10842352,Scott Powers,08-09-2023 16:02,1.04369,9,spowers,1.37387,387,
429,10827632,Alich,11-09-2023 23:09,1.04373,39,alichehrazi,1.2778,98,
430,10826135,kitayama,03-09-2023 05:59,1.04375,43,kkityama,1.37723,404,
431,10821772,Anh Quang Phan,29-08-2023 14:54,1.04416,25,anhquangphan,1.36743,364,
432,10865957,Erwin Smith,04-09-2023 10:46,1.04417,5,erwinsmith403,1.34673,291,
433,10819984,SeanInAction,06-09-2023 18:33,1.04442,3,seaninaction,1.42113,799,
434,10830797,Trish Cornelissen,03-09-2023 12:49,1.04453,17,tcspecialist,1.36865,367,
435,10836311,mostafaei2002,26-08-2023 17:16,1.04495,1,mostafaei2002,1.38328,450,
436,10829743,woaoai1,27-08-2023 11:37,1.04498,11,woaoai1,1.31703,192,
437,10851846,Chen,11-09-2023 22:50,1.04509,46,livecle,1.32015,200,
438,10845390,EquinoxElahin,31-08-2023 12:33,1.0451,6,equinoxelahin,1.39356,487,
439,10832624,AlalaKi,26-08-2023 12:18,1.04529,9,alalaki,1.35966,325,
440,10826530,⬜ Shape,23-08-2023 16:30,1.04539,5,studentmax,1.41518,786,
441,10820537,Maher el Ouahabi,28-08-2023 17:33,1.0454,2,maherelouahabi,1.48683,854,
442,10820140,GEORGE DOUKAS,03-09-2023 06:59,1.04549,30,georgedoukas,1.31121,177,
443,10829215,Spiritmilk,11-09-2023 16:20,1.04552,31,act18l,1.28876,112,
444,10836387,Emre Uysal,03-09-2023 13:26,1.04581,10,emreuysal,1.34816,299,
445,10833333,TERİM,30-08-2023 05:34,1.04583,11,"bartuolgun,enesarslan8,furkanuluta",1.32687,236,
446,10833793,Ensembled man,25-08-2023 18:17,1.046,3,ensembledman,1.36751,365,
447,10835929,Kazoric,04-09-2023 14:18,1.04616,16,kazoric,1.30095,146,
448,10836946,danttis,28-08-2023 18:29,1.0462,10,danttis,1.37589,397,
449,10829646,Narendra Tiwari,27-08-2023 11:45,1.04626,1,narendrati,1.33186,246,
450,10849802,AtulJha04,01-09-2023 11:11,1.04635,8,atuljha04,1.47081,839,
451,10832574,Manish Kumar,05-09-2023 15:49,1.04667,1,manish123kaggle,1.38359,451,
452,10825805,Fabian Henning,11-09-2023 18:04,1.04669,5,crustacean,1.26026,23,
453,10833322,Mark Triassi,25-08-2023 23:53,1.04677,3,marktriassi,1.3773,405,
454,10830243,Prnv_Gpt,29-08-2023 11:05,1.04699,10,prnvgpt,1.37542,394,
455,10830311,goat23,10-09-2023 23:46,1.04703,27,goat23,1.37661,400,
456,10821082,Bryan Le Grand,30-08-2023 06:51,1.04704,23,bryanlegrand974,1.34497,276,
457,10846025,gondayo,30-08-2023 10:52,1.04714,3,kanayamisato,1.31559,189,
458,10820216,Alberto,31-08-2023 13:57,1.04718,16,albone,1.38237,448,
459,10840281,Chomba Waihenya,11-09-2023 05:40,1.04723,3,chmbwa,1.30451,154,
460,10826380,Muki-99,26-08-2023 17:17,1.04724,3,muki99,1.38384,455,
461,10850694,Danny Quirouette,11-09-2023 13:43,1.04741,20,dannyquirouette,1.31968,199,
462,10819098,DaDa,10-09-2023 17:47,1.04741,7,daaadaaa,1.27088,73,
463,10868870,Osama Abo-Bakr,05-09-2023 00:17,1.04743,1,osamaabobakr,1.36441,353,
464,10825670,PRASHANT SHUKLA91,11-09-2023 06:58,1.04745,90,prashantshukla91,1.25568,8,
465,10832563,Moritz Mistol,30-08-2023 16:49,1.0478,10,moritzm00,1.43372,817,
466,10845851,K_S_K_S,10-09-2023 11:53,1.04784,9,ksksks15,1.28133,106,
467,10820050,Oran11,23-08-2023 06:51,1.04801,6,oran11,1.37783,413,
468,10836355,Gleb Varnayev,29-08-2023 05:19,1.04816,16,gvarnayev,1.39535,497,
469,10822144,Tulezorcs,24-08-2023 15:18,1.0482,10,tulezorcs,1.37602,398,
470,10864896,muhammad adeel badar,09-09-2023 05:33,1.04846,5,madeelbadar,1.41814,793,
471,10830800,Flavia Felicioni,11-09-2023 20:45,1.04848,15,flaviafelicioni,1.31109,176,
472,10850379,maroru1234,09-09-2023 11:52,1.04852,2,maroru1234,1.3182,196,
473,10822121,N0vic3,04-09-2023 15:58,1.04878,18,pankajtiwari2003,1.37429,390,
474,10843725,JehadAT,29-08-2023 10:25,1.04879,4,jehadat,1.3182,197,
475,10823655,tdoh86,30-08-2023 16:32,1.04879,2,tdoh86,1.3182,198,
476,10879301,Pavel Gordeychuk,10-09-2023 12:33,1.04886,11,pavelgordeychuk,1.35001,307,
477,10833011,arturo-bandini-jr,30-08-2023 21:17,1.04886,18,banddaniel,1.32744,237,
478,10819457,sho1_24,29-08-2023 11:15,1.0489,5,sho124,1.36151,328,
479,10835358,Misha Lisovyi,30-08-2023 12:07,1.04897,22,mlisovyi,1.32222,213,
480,10819520,C4rl05/V,27-08-2023 04:39,1.04897,10,cv13j0,1.37704,402,
481,10843935,Kiprop Cheruiyot,10-09-2023 13:39,1.04899,1,kipropcheruiyot,1.41484,785,
482,10823852,Jakub Nowacki,23-08-2023 12:18,1.049,1,mnokno,1.39151,478,
483,10865657,Kaine Taylor,11-09-2023 02:47,1.04915,3,kaineyamashiro,1.32605,229,
484,10826085,rah37,27-08-2023 07:47,1.04918,22,rahi37,1.33314,248,
485,10819024,Yang Zhou,11-09-2023 17:34,1.04926,50,"akokoo,xixichai,yaaangzhou",1.3103,175,
486,10819118,Faiz Aulia Al Farisi,08-09-2023 03:12,1.04935,20,"ansharfz,wintersbae",1.36348,347,
487,10825736,Liuda Cheldieva,31-08-2023 10:53,1.04936,4,liudacheldieva,1.3226,220,
488,10845411,frypan6,30-08-2023 16:06,1.04948,3,frypan6,1.32478,225,
489,10822472,ANIBAH,25-08-2023 21:51,1.04959,3,mhslearner,1.42755,808,
490,10819299,Belati Jagad Bintang Syuhada,23-08-2023 23:22,1.04961,9,belati,1.36482,355,
491,10820569,Maho,22-08-2023 15:03,1.04961,3,mahosaurus,1.37966,424,
492,10825788,BlackTern,25-08-2023 12:37,1.04961,15,blacktern,1.37924,422,
493,10819684,MartinCampbell,25-08-2023 16:53,1.04961,9,martincampbell,1.37966,426,
494,10839243,Mohammad Izadi,02-09-2023 18:38,1.04961,15,mohammadizadi881,1.37347,385,
495,10835418,Himanshu_bishnoi_25,28-08-2023 04:33,1.04961,10,himanshubishnoi25,1.34727,294,
496,10830147,Hassan Alsawadi,10-09-2023 13:34,1.04961,21,hassanalsawadi,1.37966,427,
497,10819177,Yodazon,28-08-2023 19:44,1.04961,3,yodazon,1.37966,429,
498,10841176,Alfa,11-09-2023 07:57,1.04961,22,"aisyarafa,fadhilumar",1.37966,433,
499,10864694,Spinort,04-09-2023 02:16,1.04961,1,spinort,1.37966,434,
500,10829551,Pratham Todi,10-09-2023 21:15,1.04961,1,prathamtodi,1.37966,437,
501,10823341,rcmcintosh,23-08-2023 20:20,1.04961,2,rcmcintosh,1.46984,837,
502,10823303,Mick Hirsh,11-09-2023 23:54,1.04964,22,mickhirsh,1.378,414,
503,10829660,Lyubomir Klyambarski,29-08-2023 07:24,1.04964,13,lyubomirklyambarski,1.3349,250,
504,10819700,R G,07-09-2023 16:21,1.0497,32,robs74,1.32139,209,
505,10823971,samson,26-08-2023 11:20,1.04975,13,samson8,1.3388,255,
506,10822192,Andrew Ebenbach,04-09-2023 15:55,1.04989,9,andrewebenbach,1.40776,684,
507,10819608,Itachi Uchiha,11-09-2023 09:57,1.05002,76,arunklenin,1.26987,60,
508,10826578,Seikou Ryo,23-08-2023 15:26,1.05008,1,seikouryo,1.37859,417,
509,10819783,Aaryam Sharma,05-09-2023 04:30,1.05016,21,aschamp,1.33006,245,
510,10818998,Jeremy H,31-08-2023 01:39,1.05024,30,jeremyhaakenson,1.37449,391,
511,10875261,[Deleted] 2c6bcd03-150b-41a7-9486-4da1392aa1e8,10-09-2023 06:36,1.0503,10,del=a65106705fc6e38b,1.37345,382,
512,10819748,Alpay Abbaszade,11-09-2023 12:51,1.05039,10,alpayabbaszade,1.39217,482,
513,10822840,MZF,30-08-2023 15:32,1.05046,27,mahsazamanifard,1.36733,363,
514,10895715,GuoYanan-NaN1g,11-09-2023 12:35,1.05048,5,guoyanannan1g,1.28244,107,
515,10820723,Giuseppe Frigeni,25-08-2023 09:55,1.05052,6,giuseppefrigeni,1.42551,807,
516,10819855,strugglepanda,24-08-2023 07:31,1.05061,3,strugglepanda,1.34666,290,
517,10820451,EK,26-08-2023 11:01,1.05061,4,eswarankrishnasamy,1.36328,344,
518,10827174,TrueO'Mitchell,25-08-2023 17:00,1.05088,5,trueomitchell,1.37773,412,
519,10820160,Elsa Yovita,23-08-2023 09:39,1.05088,5,elsayovita,1.37773,410,
520,10821305,Minh Ng,23-08-2023 20:47,1.05088,6,minhng,1.37773,411,
521,10868573,Mikhail Mosiagin,10-09-2023 16:53,1.0509,10,mogbymo,1.36802,366,
522,10843812,Aditya kishor,03-09-2023 06:39,1.05091,2,adityakishor1,1.32231,214,
523,10893162,Pe Pe eF,11-09-2023 18:27,1.05095,1,pepeef,1.41062,774,
524,10819681,Suharsh Mahajan,11-09-2023 20:02,1.05101,1,suharshmahajan,1.32617,233,
525,10820678,Vikram Kumar Singh,22-08-2023 09:11,1.05109,1,vikramsingh01,1.36328,345,
526,10821782,bsenst,22-08-2023 15:58,1.05109,2,bnzn261029,1.36328,346,
527,10835066,Kelvin Bell,30-08-2023 16:36,1.0514,1,bellkelvin,1.32303,221,
528,10829673,Oleg Panichev,28-08-2023 13:34,1.05141,5,opanichev,1.36517,357,
529,10870194,Andrey K.,06-09-2023 07:24,1.05149,10,heelhook,1.35528,317,
530,10826060,Muhannad Mansour,29-08-2023 15:16,1.05159,6,muhannadmansour,1.37931,423,
531,10857832,dalatar,01-09-2023 12:27,1.05171,1,dalatar,1.38023,439,
532,10852490,Eric Sun,31-08-2023 05:09,1.05186,3,sunzihao,1.32111,206,
533,10821623,KAI,04-09-2023 14:30,1.05208,8,shunsukewakata,1.4537,831,
534,10822913,Dmitry Larko,01-09-2023 21:44,1.05211,31,dmitrylarko,1.32077,202,
535,10821489,Alex Kalitenko,30-08-2023 07:25,1.05219,25,alexkalita,1.35302,314,
536,10822064,Anushka Chathuranga,25-08-2023 18:01,1.05245,5,anuwaz,1.34392,274,
537,10823897,chai taifeng,30-08-2023 07:42,1.05245,14,chaitaifeng,1.31735,194,
538,10820204,SeoJin Park,11-09-2023 15:40,1.0525,26,seojinpark2001,1.27982,103,
539,10842582,Enes Ulutaş,29-08-2023 19:40,1.05251,1,enesuluta,1.3985,513,
540,10838376,Jim Broadbent,27-08-2023 13:36,1.05259,1,jimbroadbent,1.42867,810,
541,10819519,Ahmed Ali,24-08-2023 05:39,1.05268,2,coinshot,1.46708,836,
542,10830314,It's a shakeup,26-08-2023 10:34,1.0527,11,sujaykapadnis,1.32217,212,
543,10821600,Théo Caron,08-09-2023 15:17,1.05276,31,thocaron,1.29705,132,
544,10832972,Maganti IT,08-09-2023 10:03,1.05301,14,magantiit,1.45236,830,
545,10819124,Difference Array,10-09-2023 11:22,1.05339,39,yeoyunsianggeremie,1.37773,409,
546,10829963,ZEGLAZI,11-09-2023 18:35,1.05382,8,zeglazi,1.4386,821,
547,10865278,miaosha,10-09-2023 12:29,1.05387,5,wonmorgan,1.37573,395,
548,10853863,Raj Kulkarni,06-09-2023 11:18,1.05391,3,drrajkulkarni,1.31392,183,
549,10823348,Jochem Hoogendijk,24-08-2023 20:55,1.05395,7,jochemhoogendijk,1.4883,855,
550,10820506,bestwater,04-09-2023 04:51,1.05395,18,bestwater,1.30969,171,
551,10827128,gask09,06-09-2023 17:53,1.05402,39,pemyslbal,1.3383,254,
552,10843218,Dimweak,05-09-2023 01:00,1.05405,38,dimweak,1.30984,173,
553,10820697,Alexandre GAULT,11-09-2023 21:32,1.05408,29,alexandregault,1.34533,277,
554,10836277,Dan Pietrow,27-08-2023 14:17,1.0541,1,danpietrow,1.40552,555,
555,10841352,Nidhi Bansal,11-09-2023 08:01,1.05415,16,playingmyway,1.36385,351,
556,10898012,krik5561,11-09-2023 17:35,1.05435,2,krik5561,1.27215,79,
557,10821778,benigmatic,22-08-2023 17:11,1.05447,1,benigmatic,1.41017,771,
558,10821946,Mukharbek Organokov,25-08-2023 20:45,1.05447,1,muhakabartay,1.41017,773,
559,10820103,Chirag Chauhan,28-08-2023 15:26,1.05458,12,warcoder,1.31436,186,
560,10820247,MRIDUL MITTAL,28-08-2023 05:10,1.05458,8,mridul2003,1.32094,205,
561,10828227,A_Smol_Bread,27-08-2023 01:51,1.05462,9,alaister,1.34577,279,
562,10853391,Sharesth0503,31-08-2023 08:57,1.05482,3,sharesth0503,1.44023,822,
563,10822058,Nikita Pankratov,11-09-2023 20:54,1.05506,23,nik1p5gao,1.28362,109,
564,10844581,Nikhil Sharma,29-08-2023 10:07,1.05509,3,nikhilsharma24,1.40567,558,
565,10828302,Alan Wu,05-09-2023 10:03,1.05519,5,idiott,1.37764,408,
566,10857787,Aditi Bansal,02-09-2023 04:29,1.05558,6,aditibansal132,1.32134,208,
567,10819609,C,23-08-2023 10:18,1.05562,10,congxiyu,1.40185,529,
568,10837341,Masa,27-08-2023 05:43,1.05574,1,tomochi,1.32613,231,
569,10836234,Shivam Kumar,10-09-2023 18:47,1.05574,12,bestfittinggeek,1.27045,69,
570,10829133,Anton Tkachenko,07-09-2023 18:55,1.05605,3,anthonyweaver,1.40112,522,
571,10826607,Muhammad Awn,11-09-2023 10:02,1.0562,4,muhammadawn,1.40776,697,
572,10871749,Vic,05-09-2023 15:26,1.05625,1,vic810,1.48248,852,
573,10821038,Pascal Pfeiffer,22-08-2023 12:03,1.05643,1,ilu000,1.35765,321,
574,10883004,Victor Ruto,11-09-2023 21:12,1.05644,4,kipngetichv,1.36159,330,
575,10820359,Nancy,25-08-2023 11:14,1.05656,4,nancysamuel,1.37483,392,
576,10836637,Arthur,10-09-2023 23:11,1.05664,30,dann12,1.28588,111,
577,10892778,abhiShek@1061,11-09-2023 04:44,1.05689,4,abhishek1061,1.36961,368,
578,10832757,Hideharu Tokoro,29-08-2023 10:42,1.05708,4,hideharutokoro,1.38781,466,
579,10859999,MarcoCarnini,10-09-2023 07:40,1.0571,11,marcocarnini,1.37887,420,
580,10834915,Pawan Kumar,26-08-2023 07:34,1.05716,1,pawantoga,1.35963,324,
581,10887428,Katy Kas,08-09-2023 18:48,1.05759,5,abramova,1.40446,547,
582,10886667,Shivamqr786,08-09-2023 14:16,1.05762,1,shivamqr786,1.402,532,
583,10821983,jumping Stardust,07-09-2023 01:00,1.05775,5,cba321,1.29972,143,
584,10889934,saisanjay Marrapu,11-09-2023 17:18,1.05775,2,saisanjaymarrapu,1.38362,452,
585,10864875,AhmetDevran161,03-09-2023 21:27,1.05792,1,ahmetdevran161,1.51756,864,
586,10819826,Hiroshi Sakiyama,26-08-2023 09:27,1.05801,11,hiroshisakiyama,1.40597,559,
587,10823115,Saikat Panda,25-08-2023 21:49,1.05822,6,saikatpanda,1.37203,379,
588,10819883,Steve Simons,28-08-2023 09:50,1.05851,25,stevesimons,1.34207,259,
589,10831607,Polu Sreekanth Reddy.,09-09-2023 01:12,1.0586,5,sreekanthpolu,1.2987,136,
590,10841826,Fin Anderson,28-08-2023 14:19,1.0586,1,finanderson,1.32253,218,
591,10849751,Vignesh B,05-09-2023 17:09,1.0586,1,iamvigneshb,1.32253,219,
592,10837365,anotherone1211,28-08-2023 14:40,1.05888,6,anotherone1211,1.37739,406,
593,10821482,jyoti ranjan behera,02-09-2023 08:52,1.05951,12,jyotigudu,1.37405,388,
594,10822953,zsolt zsolt,30-08-2023 15:10,1.05957,19,zsoltzsolt,1.37803,415,
595,10819653,Tamoghna Saha,11-09-2023 17:24,1.0596,14,tamoghna96saha,1.34242,260,
596,10839160,Levent Gume,30-08-2023 14:27,1.05985,9,leventg,1.34952,305,
597,10841782,Ralphy,02-09-2023 12:29,1.05998,6,deint007,1.34975,306,
598,10856354,Wei Chens,03-09-2023 03:16,1.06001,9,weichens,1.35161,311,
599,10820868,Satishpb,31-08-2023 11:55,1.06001,11,satishpb,1.3918,480,
600,10839326,Bertan Pank,11-09-2023 00:25,1.06017,24,bertanpank,1.4017,524,
601,10825942,Andrei Lazanu,05-09-2023 09:45,1.06064,17,andreilazanu,1.30063,145,
602,10859040,moredogsmoreprobs,05-09-2023 15:41,1.06073,1,moredogsmoreprobs,1.42946,811,
603,10820111,铁达尼_JiaEr,23-08-2023 06:02,1.06073,1,jiaertt,1.3952,494,
604,10845142,İclal Çetin,29-08-2023 16:00,1.06091,1,claletin,1.47011,838,
605,10829748,Suraj Yerramilli,07-09-2023 18:08,1.06097,2,syerramilli,1.38178,443,
606,10823494,Fabrizio Ferrari,11-09-2023 20:58,1.06111,25,fabrizioferrari73,1.3246,223,
607,10864478,michaelc,06-09-2023 17:12,1.06111,9,michaelcerna,1.37423,389,
608,10833865,Tom Kelly,25-08-2023 19:53,1.06117,1,tomkelly0,1.39838,511,
609,10820037,Ty0991,10-09-2023 16:45,1.06117,3,ty0991,1.39838,512,
610,10888788,Sibgat Ul Islam,10-09-2023 17:46,1.06143,3,sibgatulislam,1.29099,116,
611,10823477,Hryk Hmgch,11-09-2023 12:35,1.06178,23,hrykhmgch,1.37034,377,
612,10819275,hyejin,29-08-2023 14:57,1.06188,4,shinhaijin,1.3246,224,
613,10844279,five learner,11-09-2023 02:28,1.06188,30,fivelearner,1.27381,84,
614,10822171,KASGXSU,11-09-2023 02:52,1.06207,34,kasgosu,1.26472,37,
615,10823663,André Provensi,10-09-2023 02:16,1.06217,34,andrprovensi,1.34767,295,
616,10837485,Usman Farooq,27-08-2023 10:43,1.06236,4,muhammadusmanfarooq,1.45018,827,
617,10823593,DJ_C,24-08-2023 18:03,1.06253,3,dongjun819,1.38742,464,
618,10841023,Gagan Kushwah,28-08-2023 11:20,1.06262,1,gagankushwah,1.45065,829,
619,10847809,ravi tanwar,10-09-2023 18:48,1.06375,4,ravijoe,1.26987,64,
620,10820101,Mathurin Aché,11-09-2023 07:19,1.06375,6,mathurinache,1.26703,49,
621,10820223,DinCaus,11-09-2023 23:55,1.06411,41,dincaus,1.32973,243,
622,10820110,Dr. Alvinleenh,10-09-2023 08:47,1.06421,67,alvinleenh,1.30695,164,
623,10849180,Manu_Iaccarino ,11-09-2023 16:37,1.06446,6,manuiaccarino,1.37317,381,
624,10893263,Smith,10-09-2023 09:46,1.06461,1,smithpeterson,1.32211,211,
625,10819096,grayjay,10-09-2023 21:52,1.06464,41,grayjay,1.3138,182,
626,10870890,Serhii Yanovskii,06-09-2023 09:34,1.06481,10,serhiiyanovskii,1.2962,129,
627,10823927,Vamsi Panchada,07-09-2023 10:17,1.06495,13,vamsipanchada,1.29633,131,
628,10856633,PyroTech,04-09-2023 08:43,1.065,19,pyrotech,1.32666,235,
629,10898542,Junlaii,11-09-2023 16:10,1.06516,3,junlaii,1.27696,94,
630,10819861,Chiranjeevi Srinivas,29-08-2023 05:24,1.06523,21,chiranjeevisrinivas,1.38953,469,
631,10844092,Team Secret,31-08-2023 06:38,1.06523,14,"abhishekincture,atulchourey,jerryrix",1.3889,468,
632,10819160,Boyka,08-09-2023 23:44,1.06539,62,zhengtengduan,1.25578,9,
633,10819692,NIKHIL,11-09-2023 21:02,1.06559,10,nikhil1e9,1.29872,137,
634,10833101,Thomas Meißner,07-09-2023 04:26,1.06559,59,thomasmeiner,1.38547,461,
635,10820456,paddykb,04-09-2023 08:09,1.06568,14,paddykb,1.40293,539,
636,10820017,Carl McBride Ellis,01-09-2023 07:41,1.06569,17,carlmcbrideellis,1.39046,473,
637,10820472,Anna,05-09-2023 12:57,1.06581,12,annafabris,1.39619,501,
638,10892643,JanghoHan,11-09-2023 09:30,1.06584,6,janghohan,1.27696,93,
639,10824772,Supreme Taker,10-09-2023 21:53,1.06589,23,fanfrankfeng,1.29045,115,
640,10823202,Kasune Paul,22-08-2023 19:02,1.0661,1,kasunep,1.36991,371,
641,10828506,Syed Khaled Hossain,24-08-2023 06:29,1.0661,1,syedkhaledhossain,1.36991,372,
642,10835776,Christian Robinson,26-08-2023 13:20,1.0661,1,christianrobinson,1.36991,374,
643,10840366,Mohamed abdullah ali,28-08-2023 07:01,1.0661,1,mohamedabdullahali,1.36991,375,
644,10841457,samiulcse,28-08-2023 12:41,1.0661,1,samiulcse,1.36991,373,
645,10850385,siwanian,30-08-2023 14:45,1.0661,1,siwanian,1.36991,376,
646,10844591,Mert Bayraktar,08-09-2023 09:45,1.0662,17,mertbayraktar,1.29901,139,
647,10823676,david,25-08-2023 13:42,1.0662,5,davidjohnmillard,1.39367,488,
648,10852955,GUI Yuzhou,11-09-2023 05:28,1.06625,29,hhgw2000,1.29607,127,
649,10832425,Ramón Sieira Martínez,11-09-2023 12:29,1.06625,15,rasieira,1.26625,41,
650,10825748,xiaoIce,05-09-2023 09:29,1.06637,3,xiaoice,1.30538,157,
651,10842059,Max Polak,07-09-2023 09:43,1.06639,26,maxpolak,1.31256,179,
652,10861692,Last Dance,10-09-2023 17:09,1.06689,5,lastdance9,1.30581,159,
653,10856075,sun9sun9,04-09-2023 05:44,1.067,2,sun9sun9,1.41784,792,
654,10853343,Rajpal0606,31-08-2023 08:53,1.06739,5,rajpal0606,1.32495,228,
655,10822615,Alex Dundore,30-08-2023 14:49,1.06751,5,acdundore,1.45058,828,
656,10820411,Серей Кисиль,11-09-2023 04:17,1.06752,35,sergey22skrf,1.40776,589,
657,10819538,"Yuekai Xu,Eirc",09-09-2023 04:32,1.06759,18,yuekaixueirc,1.26958,57,
658,10893706,Jeon Min Woo,11-09-2023 14:36,1.06762,3,jeonminwoo,1.30472,155,
659,10828002,Weilin He,24-08-2023 09:20,1.06765,4,scuthwl,1.34666,286,
660,10818994,finlay morrison,24-08-2023 15:18,1.06765,12,finlaymorrison,1.34248,267,
661,10829279,Harshit Kumar Saxena,24-08-2023 11:33,1.06765,1,harshitkumarsaxena1,1.34666,288,
662,10829463,Maël Nedellec,24-08-2023 12:44,1.06765,3,malnedellec,1.34666,287,
663,10829977,Matt K,24-08-2023 15:01,1.06765,1,kunkel3169,1.34666,289,
664,10862418,Jackson,03-09-2023 03:51,1.06783,1,jackson0511,1.47444,843,
665,10837587,MJsteezy,31-08-2023 06:44,1.06795,1,mjsteezy,1.53583,873,
666,10861894,Mohammad Aref Bagherzadeh,11-09-2023 08:04,1.06811,9,arefbagherzadeh,1.30357,152,
667,10832454,rabbie,06-09-2023 03:55,1.06814,10,larjeck,1.2957,126,
668,10819400,KeepLearning,05-09-2023 09:46,1.06814,20,mathormad,1.34248,263,
669,10835615,İsmail ACAR,11-09-2023 18:28,1.0684,5,smailaar,1.26477,38,
670,10822135,ikonuhov,04-09-2023 07:07,1.06844,22,ikonuhov,1.3482,300,
671,10823212,Solomon Anderson,11-09-2023 23:36,1.06869,1,solomonanderson,1.42216,803,
672,10873939,Deepesh Alwani,08-09-2023 06:44,1.06882,2,deepeshalwani,1.30644,161,
673,10819881,Chris X,24-08-2023 17:22,1.06895,13,docxian,1.34248,266,
674,10824954,AI_Explorer,11-09-2023 13:50,1.06913,59,deepthiaj,1.2645,35,
675,10883795,Ritesh Bhalerao,09-09-2023 18:39,1.06916,5,riteshbhalerao,1.32143,210,
676,10872538,Oleg Push,05-09-2023 19:32,1.06918,1,olegpush,1.31369,181,
677,10819683,Vaibhav Bajpai,07-09-2023 15:28,1.06941,19,vaibhavbajpai458,1.47424,842,
678,10832348,joo,25-08-2023 09:46,1.06943,5,mazomohammed,1.36446,354,
679,10826561,garganany,31-08-2023 08:48,1.06949,32,"enthusiastic2726,garganany",1.35138,310,
680,10819022,Chun Fu,10-09-2023 02:12,1.06966,68,patrick0302,1.27242,80,
681,10825812,Eugeniy Osetrov,07-09-2023 07:12,1.06978,21,eugeniyosetrov,1.29505,123,
682,10842906,Robert Sizemore,10-09-2023 22:51,1.07011,14,rsizem2,1.30659,162,
683,10823030,William Li,22-08-2023 19:28,1.07023,5,sidewalkill,1.47757,848,
684,10831899,Simarpreet Singh,05-09-2023 11:39,1.07023,14,cybersimar08,1.30202,149,
685,10823724,koseki,28-08-2023 10:25,1.07023,1,eggggplant,1.47757,846,
686,10821084,yasuyuki kimura,31-08-2023 22:05,1.07023,3,yasuyukikimuraq,1.47757,849,
687,10868709,Berkay Çamur,06-09-2023 01:16,1.07023,8,berkayamur,1.47757,847,
688,10862659,Astitwa Agarwal,03-09-2023 12:33,1.07054,1,astitwaagarwal,1.32092,204,
689,10819695,AiDeeSiS,25-08-2023 00:46,1.0708,12,aideesis,1.34248,262,
690,10845324,Kanika Singhal Jindal,11-09-2023 02:40,1.07094,16,kanikasinghaljindal,1.26978,58,
691,10889870,Sai Sanjay M,09-09-2023 10:10,1.07094,1,sanjay914,1.34675,292,
692,10820401,Iqman Singh Bhatia,02-09-2023 15:14,1.07113,13,iqmansingh,1.38405,456,
693,10829329,Efecan Guler,10-09-2023 10:13,1.07133,12,efecanxrd,1.25765,18,
694,10863456,nikko,09-09-2023 15:59,1.07137,8,nikkozzblu,1.53188,872,
695,10822605,Seungjun Lee,10-09-2023 15:11,1.07215,29,seungjunleeofficial,1.37635,399,
696,10835462,Franek Sakowski,05-09-2023 19:31,1.07296,9,franeksakowski,1.32791,238,
697,10820871,Kiran Trading Co,06-09-2023 07:09,1.07296,11,prateekbaliya,1.30698,165,
698,10840072,HusseinRaad 23342,06-09-2023 04:32,1.07332,23,husseinraad23342,1.30666,163,
699,10854396,Pietro Maldini,05-09-2023 19:38,1.07389,7,pietromaldini1,1.3208,203,
700,10853831,Joaquin Silveira,11-09-2023 18:17,1.07419,13,"joaquinsilveira,santiago18",1.40172,525,
701,10875130,Manish kumar,08-09-2023 13:12,1.07419,7,manishkumar7432698,1.40172,526,
702,10848689,excedaskdj,11-09-2023 02:29,1.07432,25,excedaskdj,1.27995,104,
703,10819437,kglctf,06-09-2023 23:53,1.07464,5,kglctf,1.29486,122,
704,10819967,zeme3000,22-08-2023 12:14,1.07472,4,mrizemltis,1.4909,856,
705,10857621,space27,04-09-2023 03:14,1.07495,19,space27,1.29927,141,
706,10868792,Tevfik Erkut,04-09-2023 23:09,1.07566,5,peridon,1.30234,150,
707,10843128,Smayne,11-09-2023 19:25,1.07579,30,yanniscanton,1.34359,273,
708,10840824,Willy,10-09-2023 13:48,1.07604,42,sgtail,1.35247,313,
709,10820584,Alvaro SL,09-09-2023 05:52,1.07605,18,alvarosl,1.47192,841,
710,10840884,Francesc Oliveras,07-09-2023 10:46,1.07636,4,francescoliveras,1.30502,156,
711,10823970,multi-porpoise,28-08-2023 01:40,1.07656,25,chcain,1.34248,270,
712,10843570,Dr. Masaya Eki,11-09-2023 00:22,1.077,39,masayaeki,1.29107,117,
713,10835120,fugai1,26-08-2023 12:32,1.0772,4,fugai1,1.32492,227,
714,10836519, Abdul Bazid,26-08-2023 18:42,1.0772,1,abdulbazid,1.3282,240,
715,10883829,dingdongwuyang,09-09-2023 03:13,1.07736,2,dingdongwuyang,1.27846,101,
716,10833389,Cici Nguyen,27-08-2023 16:40,1.07793,2,cicinguyen,1.34012,258,
717,10870559,谭毅聪westdoorLeshphon,06-09-2023 08:08,1.078,1,westdoorleshphon,1.30345,151,
718,10819274,Umair Zia,03-09-2023 09:58,1.07845,25,stealthtechnologies,1.29623,130,
719,10863695,wnmgrn,11-09-2023 15:31,1.07904,18,"gyeomyee,wnmgrn,xxoellie2",1.27795,99,
720,10854112,Rahul Dhawan,08-09-2023 05:01,1.07923,19,dhawan123,1.29948,142,
721,10869321,YutaroAtarashi,06-09-2023 13:38,1.07928,9,yutaroatarashi,1.29924,140,
722,10850825,Hao_ZHANG,11-09-2023 20:43,1.07942,1,haozhang607,1.53887,874,
723,10880245,Sachin Patil,10-09-2023 04:38,1.07945,2,sachinpatil1280,1.27696,95,
724,10823300,aldparis,31-08-2023 21:24,1.07965,3,adaubas,1.34867,302,
725,10875279,David Núñez,06-09-2023 11:54,1.07974,1,davidn1095,1.31128,178,
726,10836585,Shashank,06-09-2023 12:26,1.07995,1,shank21005,1.53126,871,
727,10844401,Semih Eren,07-09-2023 05:43,1.07997,35,semiheren,1.29616,128,
728,10887366,Walter M.,10-09-2023 17:46,1.08,3,waltermontesb,1.30545,158,
729,10887751,katykas,08-09-2023 19:32,1.08003,1,katykas,1.54127,875,
730,10845852,Kevin D,31-08-2023 11:43,1.08008,1,kelsead,1.37382,386,
731,10851595,[Deleted] e48cc98b-cb74-4d8f-b3f8-6dff01ed7dab,30-08-2023 21:50,1.08022,2,del=13a291545705e7d0,1.32831,241,
732,10850312,Lee youngdong,31-08-2023 12:27,1.08022,1,leeyoungdong,1.32831,242,
733,10836893,HaoQingSong,03-09-2023 02:25,1.08024,3,haoqingsong,1.47763,850,
734,10821716,kogni7,11-09-2023 15:35,1.08025,58,kogni7,1.37574,396,
735,10829232,Gregor Halfmann,28-08-2023 17:14,1.08029,3,gregorhalfmann,1.4923,857,
736,10866695,Rushikesh Kusuma,04-09-2023 11:18,1.08073,1,rushikeshkusuma,1.3019,148,
737,10835513,Mateusz Kowalczyk,11-09-2023 19:25,1.0814,19,mateuszk013,1.38433,457,
738,10850810,Augustine Williams223,06-09-2023 11:13,1.08241,3,augustinewilliams223,1.30998,174,
739,10891354,Muhammad Usama Aleem,11-09-2023 19:06,1.08279,12,muhammadusamaaleem,1.26685,44,
740,10834968,AmeerMohammad Ramzani,11-09-2023 10:43,1.08279,43,playergood0,1.28092,105,
741,10868629,Ian Faasen,04-09-2023 21:06,1.08287,1,ianfaasen,1.30624,160,
742,10825396,prash4nt,11-09-2023 16:57,1.08327,25,prash4nt,1.34434,275,
743,10821531,Prosotas dubiosa,11-09-2023 17:21,1.08389,68,prosotasdubiosa,1.34866,301,
744,10825655,kuryakin,06-09-2023 10:14,1.08434,18,kuryakin,1.30424,153,
745,10822470,Aaradhya Badal,11-09-2023 17:20,1.08479,11,"aaradhyabadal,arghyapaul",1.33005,244,
746,10829486,Indra Sonowal,26-08-2023 06:20,1.0856,1,indrasn0wal,1.34582,281,
747,10886317,Rathna Kumar,10-09-2023 07:14,1.08629,1,rathnakumarm,1.32644,234,
748,10822013,Mahmoud adel,22-08-2023 15:34,1.08645,4,mahmoudadel2,1.40776,686,
749,10864958,Jailson Evora,11-09-2023 10:44,1.08662,25,jailsonevora,1.28268,108,
750,10849148,Eyre123,11-09-2023 16:34,1.08758,21,eyre123,1.25641,11,
751,10880963,Krupal Patel,07-09-2023 09:28,1.08806,1,krupalpatel07,1.31419,185,
752,10819801,Vladislav Onufrienko,30-08-2023 07:36,1.08888,7,vladislavonufrienko,1.47461,844,
753,10862434,Thibault Languillat,11-09-2023 04:45,1.08898,18,tlanguillat,1.30849,169,
754,10820907,Georgios Nikolitsis,11-09-2023 10:03,1.09,105,gnikolitsis,1.31526,188,
755,10871483,Robert Trypuz,11-09-2023 08:26,1.09038,28,roberttrypuz,1.27427,86,
756,10879944,Xichao Wang,07-09-2023 09:10,1.09102,1,sheepwang,1.30698,166,
757,10828325,YangMu,11-09-2023 09:30,1.09168,25,yangllx,1.25443,6,
758,10821344,Talha Rüzgar Akkuş,29-08-2023 21:32,1.09183,2,talharzgarakku,1.4561,832,
759,10825449,Serhii Kharchuk,11-09-2023 20:21,1.0921,19,serhiikharchuk,1.27056,70,
760,10831153,JAN,25-08-2023 00:23,1.09247,1,arlle26,1.34248,268,
761,10832043,XXXXX,25-08-2023 08:10,1.09247,5,moazeldesouky,1.34248,265,
762,10862689,Steffen Häußler,07-09-2023 02:44,1.09278,19,steffenhaeussler,1.29865,135,
763,10836333,Derek Lin,29-08-2023 14:02,1.09293,5,yslin14,1.44372,824,
764,10819068,ruthgn,11-09-2023 20:17,1.0934,22,ruthgn,1.25981,21,
765,10837756,Eishkaran Singh,11-09-2023 07:18,1.09368,56,eishkaran,1.26562,40,
766,10853150,ESC0606,11-09-2023 09:16,1.09368,10,esc0606,1.26638,42,
767,10828522,Dilge Karakas,25-08-2023 13:32,1.09389,7,dilgekarakas,1.34653,284,
768,10820517,Hamed JOORATI,11-09-2023 11:36,1.09438,4,hamedjoorati,1.27412,85,
769,10826485,Estácio Cerqueira,10-09-2023 22:35,1.09482,16,estaciocerqueira,1.34894,303,
770,10823698,Niveditha Vudayagiri,31-08-2023 02:10,1.09556,10,nivedithavudayagiri,1.36383,349,
771,10840732,WParadiso,01-09-2023 09:40,1.09556,3,wparadiso,1.36383,350,
772,10820293,Leona Fang,09-09-2023 08:13,1.09568,31,leonafang,1.34553,278,
773,10848419,Kamran tanwari,01-09-2023 09:09,1.09581,13,kamrantanwari,1.47482,845,
774,10821766,Cameron Lauf,08-09-2023 19:32,1.09595,21,camlauf98,1.27013,67,
775,10823380,Tetsuya Sasaki,11-09-2023 04:06,1.09595,40,sasakitetsuya,1.2718,78,
776,10829377,Tanveer Singh,09-09-2023 04:47,1.09595,45,tanveer527,1.27506,91,
777,10834475,LULU Dragon,10-09-2023 16:25,1.09595,19,luludragon,1.26123,25,
778,10859509,Shin Soyun,11-09-2023 21:46,1.09595,15,shinsoyun,1.27073,72,
779,10834341,xzt1210,10-09-2023 10:06,1.09595,4,xzt1210,1.26714,51,
780,10832643,Mustafa Keser,08-09-2023 17:33,1.09623,12,mustafakeser4,1.34769,296,
781,10842599,Thomas ,28-08-2023 18:03,1.09667,1,thomashung1027hk,1.43358,816,
782,10865971,Mohit Gupta,11-09-2023 23:31,1.09784,11,mohitgupta70,1.34721,293,
783,10825071,SuperSecureHuman,11-09-2023 12:21,1.09853,34,supersecurehuman,1.27696,97,
784,10826382,Kent RB,11-09-2023 22:04,1.09976,21,jokerinthapack,1.27798,100,
785,10836368,Stuart Hayes2,27-08-2023 21:17,1.10007,5,stuarthayes2,1.3915,477,
786,10831462,Pseudo Scientists🕵️,31-08-2023 17:45,1.10075,6,"kuralamuthan300,vasanthbalamurugan",1.54131,876,
787,10819058,Benedito Neto,11-09-2023 15:10,1.10102,72,beneditoneto,1.40744,569,
788,10839486,kawanot,09-09-2023 17:11,1.10103,16,kawano,1.34242,261,
789,10839004,GarrieD,11-09-2023 01:30,1.10211,59,garried,1.25763,17,
790,10855650,SIC,11-09-2023 09:51,1.10213,10,"abdelrahmanmohammed1,ahmedadelyu,fatmayousufmohamed",1.51155,861,
791,10838213,Pravin Nag,27-08-2023 12:15,1.10229,1,pravinnag,1.55214,878,
792,10844770,Chaman Lal,29-08-2023 10:39,1.10276,2,chamanlal07,1.51982,866,
793,10867243,Murugesan Narayanaswamy,10-09-2023 14:09,1.10369,19,murugesann,1.33492,251,
794,10824181,hansungc,07-09-2023 09:56,1.10393,1,hansungc,1.28881,113,
795,10880346,Dra praks,07-09-2023 08:09,1.10446,1,drapraks,1.29432,119,
796,10848124,Shiv_D24Coder,30-08-2023 06:15,1.10609,3,shivd24coder,1.52144,867,
797,10845556,Neophyte42,01-09-2023 09:44,1.10658,3,aineophyte,1.52263,870,
798,10828313,Francisco Feng,08-09-2023 21:48,1.10726,18,franciscofeng,1.27356,82,
799,10887984,Hizuru,11-09-2023 22:53,1.10815,15,hizurukonishi,1.23809,2,
800,10864596,SavorSauce,10-09-2023 18:34,1.10838,5,nathaniellybrand,1.2737,83,
801,10837152,evanxd,06-09-2023 18:33,1.10948,6,evanxd,1.40776,734,
802,10864855,Team X,10-09-2023 18:10,1.11204,1,"amrsaid1233,faridaelhusseinyy",1.52179,869,
803,10821145,Elena Korol,08-09-2023 14:47,1.11283,17,elenakorol,1.33309,247,
804,10819442,Jason,06-09-2023 22:57,1.11328,7,jliangwork,1.41294,781,
805,10864538,cristalisia,07-09-2023 14:49,1.11531,5,aiwei5566,1.29438,120,
806,10898966,Arghya Paul 159,11-09-2023 18:16,1.11698,1,arghyapaul159,1.38208,444,
807,10828044,Farel Arden,07-09-2023 03:36,1.11731,4,farelarden,1.29528,125,
808,10823215,Asmaa Nasr,11-09-2023 22:10,1.11814,94,anmuser,1.24689,4,
809,10821001,Adel-in-Mil,11-09-2023 03:27,1.11879,54,"adelinmil,arnavsmayan,gauritoshniwal",1.26462,36,
810,10890323,obake12,11-09-2023 04:19,1.1194,15,obake12,1.25697,16,
811,10842729,Rogel NULL,28-08-2023 19:14,1.11949,2,rogelnull,1.43659,820,
812,10819350,Satya,11-09-2023 14:13,1.11955,63,satyaprakashshukl,1.25641,10,
813,10822710,Mark Voitov,11-09-2023 20:04,1.11967,75,markvoitov,1.25543,7,
814,10861288,Debajyoti Dasgupta,11-09-2023 04:17,1.11991,37,debajyoti123,1.26012,22,
815,10876168,Daniel Soares,06-09-2023 20:38,1.12039,1,ydanielzinho,1.48149,851,
816,10831888,Alpiro Innovation Labs,11-09-2023 17:38,1.12066,1,alpiroinnovationlabs,1.48322,853,
817,10868990,kura54,07-09-2023 07:11,1.12083,1,kurapuchi,1.29805,134,
818,10876994,rrrsdsa,11-09-2023 12:52,1.12089,9,rrrsdsa,1.27099,76,
819,10889394,UsAkA,11-09-2023 18:41,1.12092,15,yuusakaguchi,1.25641,13,
820,10825091,Sanjana Satish68l,11-09-2023 23:54,1.12092,29,sanjanasatish68l,1.25641,14,
821,10819401,Z Chen3,11-09-2023 23:57,1.12092,43,ziyuechen3,1.25641,15,
822,10840259,Duncuo Zhang,11-09-2023 02:18,1.12124,32,duncuozhang,1.2666,43,
823,10820124,Utkarsh Singh,27-08-2023 09:09,1.12146,8,utkarshx27,1.39747,506,
824,10882455,AnnWan,10-09-2023 14:57,1.12166,10,annwan,1.27099,75,
825,10857000,SnoutR,11-09-2023 06:28,1.12224,9,snoutr,1.25874,20,
826,10867174,Ruiyu Han,11-09-2023 07:34,1.12332,6,ruiyuhan,1.26885,55,
827,10820782,Barbie girl,11-09-2023 16:52,1.1235,47,"maxkanavaliuk,mikhailshkarubski",1.27677,92,
828,10877832,FlazerUnderShine,11-09-2023 06:47,1.12358,11,kdtrey35,1.25863,19,
829,10833072,Lazy Dart,08-09-2023 12:56,1.12361,45,lazydart,1.2901,114,
830,10893312,Albert Antony,10-09-2023 10:07,1.12378,1,antimoni,1.27165,77,
831,10867731,Dolgoruky,09-09-2023 09:00,1.12434,19,dolgoruky,1.25137,5,
832,10827064,RM1000,09-09-2023 20:01,1.12438,3,rm1000,1.26329,27,
833,10819918,Jean,11-09-2023 22:27,1.1244,14,johnsmith44,1.27002,66,
834,10889107,Naruhiko Nakanishi,09-09-2023 05:59,1.12445,1,grapestone5321,1.26043,24,
835,10819075,Joakim Arvidsson,11-09-2023 23:11,1.12445,4,joebeachcapital,1.26428,34,
836,10854641,yvdse,09-09-2023 01:30,1.12489,1,tongyin16,1.26267,26,
837,10846548,CUMTers,11-09-2023 09:51,1.12508,34,"dwyaneli,libingyu3079,shuruixu",1.26407,30,
838,10894474,Anirban Chatterjee,11-09-2023 03:41,1.12509,2,anivana,1.27019,68,
839,10837530,Nhựt Tiến Nguyễn Bạch,11-09-2023 07:57,1.12521,17,nhttinnguynbch,1.26815,54,
840,10819421,Rishabh Jain,09-09-2023 03:12,1.12577,20,rishabh15virgo,1.26987,61,
841,10832122,Jimin Wang,11-09-2023 00:14,1.12675,12,jimmy987654,1.26354,29,
842,10863832,Vivekkumar Gediya,11-09-2023 15:55,1.12675,29,vivekgediya,1.26703,47,
843,10855647,Mohamed Yosef 101,11-09-2023 08:06,1.12675,7,mohamedyosef101,1.26703,50,
844,10822063,I.S.A,11-09-2023 14:14,1.12675,20,isamobagaming,1.26987,62,
845,10829346,Vasudeva Kilaru,11-09-2023 06:00,1.12675,36,vasudevak,1.26987,63,
846,10824795,BrainAI_hwlee,10-09-2023 08:04,1.12675,9,leeheewon01,1.26987,59,
847,10820689,Salazhiev,11-09-2023 01:16,1.12675,19,salazhiev,1.26741,53,
848,10819061,Ali Alghaithi,11-09-2023 01:13,1.12675,10,alioman,1.26562,39,
849,10820010,Vivek Agrawal,11-09-2023 11:44,1.12675,4,atom1991,1.26987,65,
850,10849280,cRIsPy_english,09-09-2023 08:04,1.12676,17,heymihir,1.46692,835,
851,10895768,KariyawasamKKD,11-09-2023 10:02,1.12707,4,kariyawasamkkd,1.2641,31,
852,10826764,TheGrud,11-09-2023 01:11,1.12875,12,thegrud,1.26741,52,
853,10893020,jojo_jokers,11-09-2023 05:47,1.12884,1,jojojokers,1.27458,87,
854,10823011,Harmandeep Singh Padam,23-08-2023 18:13,1.12975,4,harmandeepsinghpadam,1.49313,858,
855,10822728,Nathaniel haut,25-08-2023 16:35,1.13,16,nathanielhaut,1.3978,508,
856,10873350,Kotaro Tokitsu,11-09-2023 21:05,1.13011,9,kotarotokitsu,1.26427,33,
857,10888313,Meigger,09-09-2023 01:23,1.1305,1,meigger,1.26686,45,
858,10857327,Viraj Shah,11-09-2023 09:41,1.13149,14,veer1516,1.26423,32,
859,10843783,NeuralNerd,11-09-2023 07:42,1.13164,6,adhoppin,1.27461,88,
860,10844280,Team K&D,11-09-2023 09:57,1.13167,11,"deependradewagiri,kkdkariyawasam",1.27089,74,
861,10820431,ksaiki,11-09-2023 07:55,1.13168,37,pb10005,1.27491,89,
862,10849567,AC,11-09-2023 06:37,1.13536,41,ahsuna123,1.26353,28,
863,10829926,Anurag Roy,11-09-2023 06:10,1.13555,6,binarybeast880,1.26703,48,
864,10819780,Justin Mustaine,03-09-2023 04:21,1.13747,12,justinmustaine,1.5083,859,
865,10819093,HLI111111,11-09-2023 07:06,1.13841,22,hli111111,1.28582,110,
866,10893822,Develofun,10-09-2023 14:06,1.13961,1,develofun,1.30705,167,
867,10824973,BAJRANG DAL,11-09-2023 19:24,1.14024,21,"garv10,parthkaushal1",1.26911,56,
868,10827999,Thành Nhân Nguyễn,30-08-2023 16:48,1.1427,8,thnhnhnnguyn,1.50971,860,
869,10846647,Artur Szledak,31-08-2023 01:11,1.14677,7,arturszledak,1.62295,894,
870,10821738,Ruksh,09-09-2023 17:29,1.14783,25,ritvikkanchan,1.60691,892,
871,10840640,vineet kujur,03-09-2023 06:13,1.14886,6,vineetkujur,1.40776,652,
872,10830805,Tracy Porter,25-08-2023 22:02,1.15321,3,tracyporter,1.55466,879,
873,10837288,VishwajeetRV,27-08-2023 06:17,1.17203,2,vishwajeetrv,1.60527,891,
874,10834137,Aditya_Sarthak#2910,29-08-2023 16:19,1.17689,4,adityasarthak2910,1.64405,899,
875,10862441,Mike Pickett,03-09-2023 04:54,1.1793,4,mikepickett,1.51778,865,
876,10837460,Soham Chakraborty,04-09-2023 15:53,1.18076,12,sohamchakraborty2004,1.60462,890,
877,10830431,herrrolii,08-09-2023 07:31,1.18091,37,slyder582,1.24001,3,
878,10856605,SamiMurtaza,05-09-2023 16:54,1.18841,4,samimurtaza,1.60422,889,
879,10833614,Sergey Yakovlev,02-09-2023 08:34,1.19923,25,sergeyyakovlev1312,1.57735,884,
880,10819269,sec98b4e,22-08-2023 18:26,1.21172,4,sec98b4e,1.59816,888,
881,10860640,EugeniyU,11-09-2023 23:23,1.21437,25,eugeniyu,1.33917,256,
882,10865556,HighSparrow1,04-09-2023 17:41,1.21601,4,highsparrow1,1.59032,887,
883,10833503,Simon Mendelsohn,25-08-2023 16:40,1.2167,1,simonjmendelsohn,1.66358,900,
884,10843597,Alex Zhu426,31-08-2023 01:53,1.22215,9,alexzhu426,1.62843,896,
885,10821404,Shota M,09-09-2023 04:45,1.2231,2,shota395,1.55182,877,
886,10894608,Wojciech (Victor) Fulmyk,11-09-2023 23:58,1.22315,6,wisawesome,1.60828,893,
887,10822850,NNUO29,22-08-2023 20:34,1.23244,3,nikhil029,1.56486,880,
888,10830055,Borhan Uddin Rabbani,30-08-2023 13:05,1.23391,11,borhanmukto,1.58436,886,
889,10819569,tottan,22-08-2023 11:07,1.23488,1,tottan,1.66886,901,
890,10826241,varun chindage,03-09-2023 10:49,1.25324,7,stormy420,1.57079,882,
891,10823076,NM12,24-08-2023 18:30,1.25444,1,mnathic,1.51371,863,
892,10820006,Light,26-08-2023 15:49,1.25456,11,dyutiballavpaul,1.4024,535,
893,10828986,DaV12345,24-08-2023 09:30,1.26379,3,dav12345,1.57635,883,
894,10848840,dailydaisy2,02-09-2023 16:39,1.26686,3,viviansam,1.5804,885,
895,10865339,Gudhi jagadeesh kumar,05-09-2023 05:14,1.26948,2,gudhijagadeeshkumar,1.70121,904,
896,10879778,Oskar Jørgensen,08-09-2023 04:00,1.26948,2,oskarjrgensen,1.70121,905,
897,10834381,Pera zeros and ones,26-08-2023 05:07,1.29859,5,perazerosandones,1.56613,881,
898,10819156,Said Al Kharusi,25-08-2023 10:46,1.30897,6,saidalkharusi,1.62677,895,
899,10837099,Daniel,27-08-2023 03:31,1.32219,1,jazivxt,1.99335,929,
900,10881248,Aleema PK,11-09-2023 04:22,1.34514,1,aleemaparakatta,1.69007,902,
901,10857641,Sonu Singh,01-09-2023 11:17,1.35622,2,sonusingh154,1.63761,898,
902,10872068,Andrei Yusov,08-09-2023 03:22,1.37853,7,ayusov,1.62871,897,
903,10878316,Alexe,07-09-2023 00:13,1.41022,1,olakrasicka,1.71773,907,
904,10821442,KotukW,22-08-2023 18:32,1.42278,5,kotukw,1.70246,906,
905,10880016,seunghwan0987,11-09-2023 02:20,1.4379,8,seunghwan0987,1.40776,744,
906,10826132,Thomas LaBar,28-08-2023 19:06,1.43874,1,thomaslabar,1.7252,908,
907,10845438,Nikita Gulyakov,29-08-2023 15:56,1.43979,1,nikitagulyakov,1.93628,919,
908,10825732,Lwidjy,24-08-2023 12:58,1.44195,4,lwidjy,1.70093,903,
909,10824523,Tanmay Jain,24-08-2023 09:23,1.45805,3,tanmay9516,1.74688,913,
910,10822477,Suman Sarkar,11-09-2023 13:35,1.46335,22,ssarkar445,1.5217,868,
911,10844446,Yash Raj Singh,29-08-2023 11:53,1.47561,5,yashs9131,1.73868,911,
912,10843440,Olaf,29-08-2023 02:55,1.48639,1,senyungyau,1.73274,909,
913,10825953,Vincent Schuler,25-08-2023 09:46,1.48808,1,vincentschuler,1.73792,910,
914,10832000,Juan Pablo Margni,03-09-2023 11:58,1.50364,1,jmargni,1.75164,914,
915,10826812,VinylBinary,28-08-2023 15:07,1.53967,3,vinylbinary,1.80404,915,
916,10842401,Nitin Pilkhwal,08-09-2023 15:30,1.62944,1,nitinpilkhwal,1.85802,916,
917,10872737,monurcan55,05-09-2023 20:59,1.67397,1,monurcan55,1.73879,912,
918,10831818,VinayakSoni704,01-09-2023 05:20,1.71303,10,vinayaksoni704,2.04309,931,
919,10883973,Ekaterina Gracheva,11-09-2023 08:11,1.76359,9,egracheva,1.40776,666,
920,10837669,Jooeun LIm,11-09-2023 23:41,1.81512,5,jooeun9199,1.92405,918,
921,10819771,SANKARA VENKAT RAM V,28-08-2023 11:05,1.83263,15,sankaravenkatramv,1.95483,923,
922,10857091,Kapil Kapoor,01-09-2023 08:17,1.83444,3,kapilk1998,1.94665,920,
923,10825423,meemansha priyadarshini,05-09-2023 11:59,1.83535,5,meemsbh,1.98153,927,
924,10850765,Benjamin,30-08-2023 16:21,1.83911,1,ben1221,1.95265,921,
925,10871709,Chris,05-09-2023 14:59,1.83911,1,chrischeung1201,1.95265,922,
926,10857191,Ram Arora,01-09-2023 08:34,1.8401,1,ramarora,1.9794,926,
927,10861055,Jatin Virmani,02-09-2023 13:46,1.84168,1,jatinvirmani158,1.96745,924,
928,10857707,Chetna Singh,01-09-2023 11:34,1.85019,1,chetnasingh1653,1.98538,928,
929,10828253,Random Forest,04-09-2023 18:24,1.86596,60,kelvintenata,1.96931,925,
930,10861093,Ramesh King ,02-09-2023 14:00,1.87689,1,rameshking44,2.00148,930,
931,10865429,kenrota,10-09-2023 16:16,1.87718,2,kenrota,2.04525,932,
932,10829373,Lakshita Varshney,08-09-2023 10:19,1.9617,2,lakshitavarshney,2.07384,934,
933,10842559,Rodrigo Stall Sikora,31-08-2023 01:02,1.98538,5,rodrigostallsikora,2.08229,935,
934,10821410,ShivaniA,02-09-2023 08:24,1.9944,1,shivania23,2.06887,933,
935,10846413,reetayan,31-08-2023 01:08,2.23271,9,reet1992,1.91449,917,
936,10819724,Catadanna,24-08-2023 22:29,2.26968,8,catadanna,2.55327,936,
937,10861075,Daniel Pastros,11-09-2023 03:46,2.75295,12,danielpastros,2.74033,937,
938,10848236,Siddharth Chauhan,07-09-2023 06:43,2.77286,26,siddharthpchauhan,2.76402,938,
939,10822562,Prasad,29-08-2023 20:26,3.45212,2,vaidyaprasad84,3.45692,939,
940,10892736,Mahimai Raja J,10-09-2023 17:50,5.27953,1,mahimairaja,5.22445,940,
941,10868622,Augusto Moura Kieling,11-09-2023 22:06,5.5157,5,augustomourakieling,5.44363,941,
942,10829491,Alexandr Khramov,05-09-2023 08:53,5.74054,1,alexandrkhramov,5.60355,942,
943,10852194,ILSONG,03-09-2023 14:26,5.74096,1,ilsong,5.89026,943,
944,10821923,brijesh,22-08-2023 15:12,6.44205,3,brijesh20119015,6.36345,944,
945,10880396,Berkay Eşer,08-09-2023 13:59,6.44333,2,berkayeserr,6.56205,945,
946,10822711,Jorge GUZMAN,04-09-2023 13:30,7.38021,3,armandoguzman92,7.53012,946,
947,10899197,Ahmed Gamal ibrahim ali,11-09-2023 20:48,8.1662,5,ahmedgamalibrahimali,8.30845,947,
948,10823824,Dylan M. Van Horn,24-08-2023 01:06,8.17955,1,dylanmvanhorn,8.32176,948,
949,10867716,Yutong Guo,04-09-2023 15:38,8.17955,1,yutongguo0418,8.32176,949,
950,10831176,Asahi Nomura,28-08-2023 06:46,8.18005,6,asahinomura,8.32227,950,
951,10819443,Team +1,22-08-2023 03:35,8.36628,1,pakapro,8.50469,951,
952,10855318,Rajat Raj,31-08-2023 19:03,8.40335,5,rajatraj0502,8.54578,952,
953,10891520,John Kun1,09-09-2023 19:51,8.57694,1,johnkun1,8.7184,953,
954,10849876,Yusuf Gülcan,30-08-2023 15:09,14.33628,3,yusufglcan,14.20983,954,
955,10820554,Kazemachi,22-08-2023 09:30,30.20613,1,ziyuzhou0306,30.20645,955,
